,Notes,County,County Code,Year,Year Code,Deaths,Population,Crude Rate
0,,"Barbour County, WV",54001.0,2006.0,2006.0,201.0,15922.0,1262.4
1,,"Barbour County, WV",54001.0,2007.0,2007.0,164.0,16036.0,1022.7
2,,"Barbour County, WV",54001.0,2008.0,2008.0,179.0,16241.0,1102.1
3,,"Barbour County, WV",54001.0,2009.0,2009.0,188.0,16479.0,1140.8
4,,"Barbour County, WV",54001.0,2010.0,2010.0,174.0,16589.0,1048.9
5,,"Barbour County, WV",54001.0,2011.0,2011.0,178.0,16520.0,1077.5
6,,"Barbour County, WV",54001.0,2012.0,2012.0,208.0,16493.0,1261.1
8,,"Berkeley County, WV",54003.0,2006.0,2006.0,743.0,96318.0,771.4
9,,"Berkeley County, WV",54003.0,2007.0,2007.0,735.0,99132.0,741.4
10,,"Berkeley County, WV",54003.0,2008.0,2008.0,807.0,101629.0,794.1
11,,"Berkeley County, WV",54003.0,2009.0,2009.0,837.0,102830.0,814.0
12,,"Berkeley County, WV",54003.0,2010.0,2010.0,800.0,104169.0,768.0
13,,"Berkeley County, WV",54003.0,2011.0,2011.0,880.0,105750.0,832.2
14,,"Berkeley County, WV",54003.0,2012.0,2012.0,896.0,107098.0,836.6
16,,"Boone County, WV",54005.0,2006.0,2006.0,332.0,25101.0,1322.7
17,,"Boone County, WV",54005.0,2007.0,2007.0,348.0,25115.0,1385.6
18,,"Boone County, WV",54005.0,2008.0,2008.0,367.0,24794.0,1480.2
19,,"Boone County, WV",54005.0,2009.0,2009.0,285.0,24766.0,1150.8
20,,"Boone County, WV",54005.0,2010.0,2010.0,333.0,24629.0,1352.1
21,,"Boone County, WV",54005.0,2011.0,2011.0,333.0,24444.0,1362.3
22,,"Boone County, WV",54005.0,2012.0,2012.0,281.0,24478.0,1148.0
24,,"Braxton County, WV",54007.0,2006.0,2006.0,184.0,14585.0,1261.6
25,,"Braxton County, WV",54007.0,2007.0,2007.0,183.0,14585.0,1254.7
26,,"Braxton County, WV",54007.0,2008.0,2008.0,182.0,14587.0,1247.7
27,,"Braxton County, WV",54007.0,2009.0,2009.0,163.0,14512.0,1123.2
28,,"Braxton County, WV",54007.0,2010.0,2010.0,152.0,14523.0,1046.6
29,,"Braxton County, WV",54007.0,2011.0,2011.0,165.0,14485.0,1139.1
30,,"Braxton County, WV",54007.0,2012.0,2012.0,196.0,14468.0,1354.7
32,,"Brooke County, WV",54009.0,2006.0,2006.0,337.0,24399.0,1381.2
33,,"Brooke County, WV",54009.0,2007.0,2007.0,348.0,24235.0,1435.9
34,,"Brooke County, WV",54009.0,2008.0,2008.0,308.0,24168.0,1274.4
35,,"Brooke County, WV",54009.0,2009.0,2009.0,302.0,24153.0,1250.4
36,,"Brooke County, WV",54009.0,2010.0,2010.0,361.0,24069.0,1499.9
37,,"Brooke County, WV",54009.0,2011.0,2011.0,354.0,23844.0,1484.7
38,,"Brooke County, WV",54009.0,2012.0,2012.0,336.0,23853.0,1408.6
40,,"Cabell County, WV",54011.0,2006.0,2006.0,1129.0,94943.0,1189.1
41,,"Cabell County, WV",54011.0,2007.0,2007.0,1255.0,95059.0,1320.2
42,,"Cabell County, WV",54011.0,2008.0,2008.0,1255.0,95209.0,1318.2
43,,"Cabell County, WV",54011.0,2009.0,2009.0,1090.0,96040.0,1134.9
44,,"Cabell County, WV",54011.0,2010.0,2010.0,1145.0,96319.0,1188.8
45,,"Cabell County, WV",54011.0,2011.0,2011.0,1168.0,96653.0,1208.4
46,,"Cabell County, WV",54011.0,2012.0,2012.0,1079.0,96974.0,1112.7
48,,"Calhoun County, WV",54013.0,2006.0,2006.0,78.0,7531.0,1035.7
49,,"Calhoun County, WV",54013.0,2007.0,2007.0,87.0,7588.0,1146.5
50,,"Calhoun County, WV",54013.0,2008.0,2008.0,91.0,7621.0,1194.1
51,,"Calhoun County, WV",54013.0,2009.0,2009.0,88.0,7560.0,1164.0
52,,"Calhoun County, WV",54013.0,2010.0,2010.0,90.0,7627.0,1180.0
53,,"Calhoun County, WV",54013.0,2011.0,2011.0,95.0,7652.0,1241.5
54,,"Calhoun County, WV",54013.0,2012.0,2012.0,105.0,7607.0,1380.3
56,,"Clay County, WV",54015.0,2006.0,2006.0,136.0,9695.0,1402.8
57,,"Clay County, WV",54015.0,2007.0,2007.0,121.0,9696.0,1247.9
58,,"Clay County, WV",54015.0,2008.0,2008.0,121.0,9603.0,1260.0
59,,"Clay County, WV",54015.0,2009.0,2009.0,100.0,9505.0,1052.1
60,,"Clay County, WV",54015.0,2010.0,2010.0,100.0,9386.0,1065.4
61,,"Clay County, WV",54015.0,2011.0,2011.0,102.0,9357.0,1090.1
62,,"Clay County, WV",54015.0,2012.0,2012.0,112.0,9297.0,1204.7
64,,"Doddridge County, WV",54017.0,2006.0,2006.0,81.0,7848.0,1032.1
65,,"Doddridge County, WV",54017.0,2007.0,2007.0,62.0,7970.0,777.9
66,,"Doddridge County, WV",54017.0,2008.0,2008.0,80.0,8034.0,995.8
67,,"Doddridge County, WV",54017.0,2009.0,2009.0,80.0,8124.0,984.7
68,,"Doddridge County, WV",54017.0,2010.0,2010.0,75.0,8202.0,914.4
69,,"Doddridge County, WV",54017.0,2011.0,2011.0,81.0,8171.0,991.3
70,,"Doddridge County, WV",54017.0,2012.0,2012.0,83.0,8178.0,1014.9
72,,"Fayette County, WV",54019.0,2006.0,2006.0,607.0,46200.0,1313.9
73,,"Fayette County, WV",54019.0,2007.0,2007.0,646.0,46243.0,1397.0
74,,"Fayette County, WV",54019.0,2008.0,2008.0,626.0,46171.0,1355.8
75,,"Fayette County, WV",54019.0,2009.0,2009.0,670.0,46034.0,1455.4
76,,"Fayette County, WV",54019.0,2010.0,2010.0,647.0,46039.0,1405.3
77,,"Fayette County, WV",54019.0,2011.0,2011.0,608.0,45699.0,1330.4
78,,"Fayette County, WV",54019.0,2012.0,2012.0,640.0,45869.0,1395.3
80,,"Gilmer County, WV",54021.0,2006.0,2006.0,106.0,8083.0,1311.4
81,,"Gilmer County, WV",54021.0,2007.0,2007.0,87.0,8248.0,1054.8
82,,"Gilmer County, WV",54021.0,2008.0,2008.0,81.0,8408.0,963.4
83,,"Gilmer County, WV",54021.0,2009.0,2009.0,82.0,8529.0,961.4
84,,"Gilmer County, WV",54021.0,2010.0,2010.0,58.0,8693.0,667.2
85,,"Gilmer County, WV",54021.0,2011.0,2011.0,73.0,8705.0,838.6
86,,"Gilmer County, WV",54021.0,2012.0,2012.0,82.0,8732.0,939.1
88,,"Grant County, WV",54023.0,2006.0,2006.0,124.0,11834.0,1047.8
89,,"Grant County, WV",54023.0,2007.0,2007.0,111.0,11969.0,927.4
90,,"Grant County, WV",54023.0,2008.0,2008.0,116.0,12022.0,964.9
91,,"Grant County, WV",54023.0,2009.0,2009.0,108.0,11963.0,902.8
92,,"Grant County, WV",54023.0,2010.0,2010.0,119.0,11937.0,996.9
93,,"Grant County, WV",54023.0,2011.0,2011.0,141.0,11891.0,1185.8
94,,"Grant County, WV",54023.0,2012.0,2012.0,127.0,11816.0,1074.8
96,,"Greenbrier County, WV",54025.0,2006.0,2006.0,442.0,35196.0,1255.8
97,,"Greenbrier County, WV",54025.0,2007.0,2007.0,428.0,35354.0,1210.6
98,,"Greenbrier County, WV",54025.0,2008.0,2008.0,498.0,35457.0,1404.5
99,,"Greenbrier County, WV",54025.0,2009.0,2009.0,483.0,35351.0,1366.3
100,,"Greenbrier County, WV",54025.0,2010.0,2010.0,458.0,35480.0,1290.9
101,,"Greenbrier County, WV",54025.0,2011.0,2011.0,529.0,35800.0,1477.7
102,,"Greenbrier County, WV",54025.0,2012.0,2012.0,467.0,35820.0,1303.7
104,,"Hampshire County, WV",54027.0,2006.0,2006.0,194.0,23016.0,842.9
105,,"Hampshire County, WV",54027.0,2007.0,2007.0,205.0,23492.0,872.6
106,,"Hampshire County, WV",54027.0,2008.0,2008.0,208.0,23664.0,879.0
107,,"Hampshire County, WV",54027.0,2009.0,2009.0,220.0,23820.0,923.6
108,,"Hampshire County, WV",54027.0,2010.0,2010.0,246.0,23964.0,1026.5
109,,"Hampshire County, WV",54027.0,2011.0,2011.0,253.0,23812.0,1062.5
110,,"Hampshire County, WV",54027.0,2012.0,2012.0,251.0,23709.0,1058.7
112,,"Hancock County, WV",54029.0,2006.0,2006.0,392.0,31266.0,1253.8
113,,"Hancock County, WV",54029.0,2007.0,2007.0,402.0,30887.0,1301.5
114,,"Hancock County, WV",54029.0,2008.0,2008.0,419.0,30802.0,1360.3
115,,"Hancock County, WV",54029.0,2009.0,2009.0,430.0,30748.0,1398.5
116,,"Hancock County, WV",54029.0,2010.0,2010.0,381.0,30676.0,1242.0
117,,"Hancock County, WV",54029.0,2011.0,2011.0,388.0,30571.0,1269.2
118,,"Hancock County, WV",54029.0,2012.0,2012.0,440.0,30305.0,1451.9
120,,"Hardy County, WV",54031.0,2006.0,2006.0,132.0,13611.0,969.8
121,,"Hardy County, WV",54031.0,2007.0,2007.0,140.0,13807.0,1014.0
122,,"Hardy County, WV",54031.0,2008.0,2008.0,128.0,13793.0,928.0
123,,"Hardy County, WV",54031.0,2009.0,2009.0,150.0,13885.0,1080.3
124,,"Hardy County, WV",54031.0,2010.0,2010.0,143.0,14025.0,1019.6
125,,"Hardy County, WV",54031.0,2011.0,2011.0,144.0,13912.0,1035.1
126,,"Hardy County, WV",54031.0,2012.0,2012.0,131.0,13866.0,944.8
128,,"Harrison County, WV",54033.0,2006.0,2006.0,828.0,68141.0,1215.1
129,,"Harrison County, WV",54033.0,2007.0,2007.0,855.0,67940.0,1258.5
130,,"Harrison County, WV",54033.0,2008.0,2008.0,823.0,68441.0,1202.5
131,,"Harrison County, WV",54033.0,2009.0,2009.0,874.0,68696.0,1272.3
132,,"Harrison County, WV",54033.0,2010.0,2010.0,828.0,69099.0,1198.3
133,,"Harrison County, WV",54033.0,2011.0,2011.0,930.0,69436.0,1339.4
134,,"Harrison County, WV",54033.0,2012.0,2012.0,834.0,69141.0,1206.2
136,,"Jackson County, WV",54035.0,2006.0,2006.0,306.0,28877.0,1059.7
137,,"Jackson County, WV",54035.0,2007.0,2007.0,318.0,29089.0,1093.2
138,,"Jackson County, WV",54035.0,2008.0,2008.0,346.0,29101.0,1189.0
139,,"Jackson County, WV",54035.0,2009.0,2009.0,331.0,29155.0,1135.3
140,,"Jackson County, WV",54035.0,2010.0,2010.0,326.0,29211.0,1116.0
141,,"Jackson County, WV",54035.0,2011.0,2011.0,315.0,29241.0,1077.3
142,,"Jackson County, WV",54035.0,2012.0,2012.0,352.0,29234.0,1204.1
144,,"Jefferson County, WV",54037.0,2006.0,2006.0,378.0,50003.0,756.0
145,,"Jefferson County, WV",54037.0,2007.0,2007.0,434.0,51264.0,846.6
146,,"Jefferson County, WV",54037.0,2008.0,2008.0,402.0,52184.0,770.4
147,,"Jefferson County, WV",54037.0,2009.0,2009.0,423.0,53054.0,797.3
148,,"Jefferson County, WV",54037.0,2010.0,2010.0,440.0,53498.0,822.5
149,,"Jefferson County, WV",54037.0,2011.0,2011.0,417.0,54225.0,769.0
150,,"Jefferson County, WV",54037.0,2012.0,2012.0,449.0,54504.0,823.8
152,,"Kanawha County, WV",54039.0,2006.0,2006.0,2403.0,192954.0,1245.4
153,,"Kanawha County, WV",54039.0,2007.0,2007.0,2443.0,192354.0,1270.1
154,,"Kanawha County, WV",54039.0,2008.0,2008.0,2578.0,192414.0,1339.8
155,,"Kanawha County, WV",54039.0,2009.0,2009.0,2457.0,193150.0,1272.1
156,,"Kanawha County, WV",54039.0,2010.0,2010.0,2473.0,193063.0,1280.9
157,,"Kanawha County, WV",54039.0,2011.0,2011.0,2391.0,192315.0,1243.3
158,,"Kanawha County, WV",54039.0,2012.0,2012.0,2418.0,192179.0,1258.2
160,,"Lewis County, WV",54041.0,2006.0,2006.0,235.0,16445.0,1429.0
161,,"Lewis County, WV",54041.0,2007.0,2007.0,240.0,16360.0,1467.0
162,,"Lewis County, WV",54041.0,2008.0,2008.0,219.0,16422.0,1333.6
163,,"Lewis County, WV",54041.0,2009.0,2009.0,223.0,16422.0,1357.9
164,,"Lewis County, WV",54041.0,2010.0,2010.0,198.0,16372.0,1209.4
165,,"Lewis County, WV",54041.0,2011.0,2011.0,202.0,16416.0,1230.5
166,,"Lewis County, WV",54041.0,2012.0,2012.0,238.0,16371.0,1453.8
168,,"Lincoln County, WV",54043.0,2006.0,2006.0,254.0,22064.0,1151.2
169,,"Lincoln County, WV",54043.0,2007.0,2007.0,263.0,21953.0,1198.0
170,,"Lincoln County, WV",54043.0,2008.0,2008.0,268.0,21881.0,1224.8
171,,"Lincoln County, WV",54043.0,2009.0,2009.0,264.0,21794.0,1211.3
172,,"Lincoln County, WV",54043.0,2010.0,2010.0,277.0,21720.0,1275.3
173,,"Lincoln County, WV",54043.0,2011.0,2011.0,286.0,21550.0,1327.1
174,,"Lincoln County, WV",54043.0,2012.0,2012.0,245.0,21627.0,1132.8
176,,"Logan County, WV",54045.0,2006.0,2006.0,507.0,36440.0,1391.3
177,,"Logan County, WV",54045.0,2007.0,2007.0,484.0,36443.0,1328.1
178,,"Logan County, WV",54045.0,2008.0,2008.0,498.0,36548.0,1362.6
179,,"Logan County, WV",54045.0,2009.0,2009.0,508.0,36645.0,1386.3
180,,"Logan County, WV",54045.0,2010.0,2010.0,483.0,36743.0,1314.5
181,,"Logan County, WV",54045.0,2011.0,2011.0,549.0,36457.0,1505.9
182,,"Logan County, WV",54045.0,2012.0,2012.0,515.0,36168.0,1423.9
184,,"McDowell County, WV",54047.0,2006.0,2006.0,380.0,23199.0,1638.0
185,,"McDowell County, WV",54047.0,2007.0,2007.0,374.0,22746.0,1644.2
186,,"McDowell County, WV",54047.0,2008.0,2008.0,374.0,22494.0,1662.7
187,,"McDowell County, WV",54047.0,2009.0,2009.0,359.0,22276.0,1611.6
188,,"McDowell County, WV",54047.0,2010.0,2010.0,364.0,22113.0,1646.1
189,,"McDowell County, WV",54047.0,2011.0,2011.0,381.0,21729.0,1753.4
190,,"McDowell County, WV",54047.0,2012.0,2012.0,399.0,21326.0,1871.0
192,,"Marion County, WV",54049.0,2006.0,2006.0,670.0,56284.0,1190.4
193,,"Marion County, WV",54049.0,2007.0,2007.0,695.0,56445.0,1231.3
194,,"Marion County, WV",54049.0,2008.0,2008.0,730.0,56141.0,1300.3
195,,"Marion County, WV",54049.0,2009.0,2009.0,687.0,56426.0,1217.5
196,,"Marion County, WV",54049.0,2010.0,2010.0,641.0,56418.0,1136.2
197,,"Marion County, WV",54049.0,2011.0,2011.0,643.0,56586.0,1136.3
198,,"Marion County, WV",54049.0,2012.0,2012.0,657.0,56678.0,1159.2
200,,"Marshall County, WV",54051.0,2006.0,2006.0,388.0,33814.0,1147.5
201,,"Marshall County, WV",54051.0,2007.0,2007.0,373.0,33583.0,1110.7
202,,"Marshall County, WV",54051.0,2008.0,2008.0,406.0,33248.0,1221.1
203,,"Marshall County, WV",54051.0,2009.0,2009.0,389.0,33116.0,1174.7
204,,"Marshall County, WV",54051.0,2010.0,2010.0,387.0,33107.0,1168.9
205,,"Marshall County, WV",54051.0,2011.0,2011.0,408.0,32800.0,1243.9
206,,"Marshall County, WV",54051.0,2012.0,2012.0,437.0,32674.0,1337.5
208,,"Mason County, WV",54053.0,2006.0,2006.0,321.0,26648.0,1204.6
209,,"Mason County, WV",54053.0,2007.0,2007.0,295.0,26738.0,1103.3
210,,"Mason County, WV",54053.0,2008.0,2008.0,311.0,27097.0,1147.7
211,,"Mason County, WV",54053.0,2009.0,2009.0,314.0,27309.0,1149.8
212,,"Mason County, WV",54053.0,2010.0,2010.0,359.0,27324.0,1313.9
213,,"Mason County, WV",54053.0,2011.0,2011.0,325.0,27298.0,1190.6
214,,"Mason County, WV",54053.0,2012.0,2012.0,326.0,27179.0,1199.5
216,,"Mercer County, WV",54055.0,2006.0,2006.0,824.0,61297.0,1344.3
217,,"Mercer County, WV",54055.0,2007.0,2007.0,900.0,61615.0,1460.7
218,,"Mercer County, WV",54055.0,2008.0,2008.0,848.0,61848.0,1371.1
219,,"Mercer County, WV",54055.0,2009.0,2009.0,894.0,62177.0,1437.8
220,,"Mercer County, WV",54055.0,2010.0,2010.0,863.0,62264.0,1386.0
221,,"Mercer County, WV",54055.0,2011.0,2011.0,946.0,62465.0,1514.4
222,,"Mercer County, WV",54055.0,2012.0,2012.0,912.0,62523.0,1458.7
224,,"Mineral County, WV",54057.0,2006.0,2006.0,321.0,27324.0,1174.8
225,,"Mineral County, WV",54057.0,2007.0,2007.0,277.0,27532.0,1006.1
226,,"Mineral County, WV",54057.0,2008.0,2008.0,287.0,27824.0,1031.5
227,,"Mineral County, WV",54057.0,2009.0,2009.0,331.0,28080.0,1178.8
228,,"Mineral County, WV",54057.0,2010.0,2010.0,327.0,28212.0,1159.1
229,,"Mineral County, WV",54057.0,2011.0,2011.0,319.0,28192.0,1131.5
230,,"Mineral County, WV",54057.0,2012.0,2012.0,310.0,27956.0,1108.9
232,,"Mingo County, WV",54059.0,2006.0,2006.0,392.0,27054.0,1449.0
233,,"Mingo County, WV",54059.0,2007.0,2007.0,353.0,27145.0,1300.4
234,,"Mingo County, WV",54059.0,2008.0,2008.0,378.0,26850.0,1407.8
235,,"Mingo County, WV",54059.0,2009.0,2009.0,369.0,26943.0,1369.6
236,,"Mingo County, WV",54059.0,2010.0,2010.0,360.0,26839.0,1341.3
237,,"Mingo County, WV",54059.0,2011.0,2011.0,369.0,26563.0,1389.2
238,,"Mingo County, WV",54059.0,2012.0,2012.0,349.0,26103.0,1337.0
240,,"Monongalia County, WV",54061.0,2006.0,2006.0,599.0,89656.0,668.1
241,,"Monongalia County, WV",54061.0,2007.0,2007.0,630.0,90764.0,694.1
242,,"Monongalia County, WV",54061.0,2008.0,2008.0,634.0,92200.0,687.6
243,,"Monongalia County, WV",54061.0,2009.0,2009.0,614.0,94165.0,652.0
244,,"Monongalia County, WV",54061.0,2010.0,2010.0,617.0,96189.0,641.4
245,,"Monongalia County, WV",54061.0,2011.0,2011.0,650.0,98528.0,659.7
246,,"Monongalia County, WV",54061.0,2012.0,2012.0,651.0,100332.0,648.8
248,,"Monroe County, WV",54063.0,2006.0,2006.0,145.0,13382.0,1083.5
249,,"Monroe County, WV",54063.0,2007.0,2007.0,165.0,13452.0,1226.6
250,,"Monroe County, WV",54063.0,2008.0,2008.0,165.0,13607.0,1212.6
251,,"Monroe County, WV",54063.0,2009.0,2009.0,153.0,13543.0,1129.7
252,,"Monroe County, WV",54063.0,2010.0,2010.0,175.0,13502.0,1296.1
253,,"Monroe County, WV",54063.0,2011.0,2011.0,173.0,13534.0,1278.3
254,,"Monroe County, WV",54063.0,2012.0,2012.0,166.0,13463.0,1233.0
256,,"Morgan County, WV",54065.0,2006.0,2006.0,183.0,17038.0,1074.1
257,,"Morgan County, WV",54065.0,2007.0,2007.0,181.0,17410.0,1039.6
258,,"Morgan County, WV",54065.0,2008.0,2008.0,196.0,17520.0,1118.7
259,,"Morgan County, WV",54065.0,2009.0,2009.0,194.0,17580.0,1103.5
260,,"Morgan County, WV",54065.0,2010.0,2010.0,212.0,17541.0,1208.6
261,,"Morgan County, WV",54065.0,2011.0,2011.0,194.0,17535.0,1106.4
262,,"Morgan County, WV",54065.0,2012.0,2012.0,190.0,17471.0,1087.5
264,,"Nicholas County, WV",54067.0,2006.0,2006.0,324.0,26205.0,1236.4
265,,"Nicholas County, WV",54067.0,2007.0,2007.0,320.0,26130.0,1224.6
266,,"Nicholas County, WV",54067.0,2008.0,2008.0,326.0,26138.0,1247.2
267,,"Nicholas County, WV",54067.0,2009.0,2009.0,328.0,26253.0,1249.4
268,,"Nicholas County, WV",54067.0,2010.0,2010.0,325.0,26233.0,1238.9
269,,"Nicholas County, WV",54067.0,2011.0,2011.0,341.0,26268.0,1298.2
270,,"Nicholas County, WV",54067.0,2012.0,2012.0,356.0,26229.0,1357.3
272,,"Ohio County, WV",54069.0,2006.0,2006.0,549.0,44925.0,1222.0
273,,"Ohio County, WV",54069.0,2007.0,2007.0,611.0,44714.0,1366.5
274,,"Ohio County, WV",54069.0,2008.0,2008.0,571.0,44469.0,1284.0
275,,"Ohio County, WV",54069.0,2009.0,2009.0,609.0,44355.0,1373.0
276,,"Ohio County, WV",54069.0,2010.0,2010.0,557.0,44443.0,1253.3
277,,"Ohio County, WV",54069.0,2011.0,2011.0,580.0,44246.0,1310.9
278,,"Ohio County, WV",54069.0,2012.0,2012.0,630.0,44075.0,1429.4
280,,"Pendleton County, WV",54071.0,2006.0,2006.0,95.0,7922.0,1199.2
281,,"Pendleton County, WV",54071.0,2007.0,2007.0,97.0,7792.0,1244.9
282,,"Pendleton County, WV",54071.0,2008.0,2008.0,106.0,7761.0,1365.8
283,,"Pendleton County, WV",54071.0,2009.0,2009.0,68.0,7701.0,883.0
284,,"Pendleton County, WV",54071.0,2010.0,2010.0,94.0,7695.0,1221.6
285,,"Pendleton County, WV",54071.0,2011.0,2011.0,104.0,7673.0,1355.4
286,,"Pendleton County, WV",54071.0,2012.0,2012.0,103.0,7566.0,1361.4
288,,"Pleasants County, WV",54073.0,2006.0,2006.0,68.0,7670.0,886.6
289,,"Pleasants County, WV",54073.0,2007.0,2007.0,79.0,7698.0,1026.2
290,,"Pleasants County, WV",54073.0,2008.0,2008.0,83.0,7702.0,1077.6
291,,"Pleasants County, WV",54073.0,2009.0,2009.0,82.0,7672.0,1068.8
292,,"Pleasants County, WV",54073.0,2010.0,2010.0,90.0,7605.0,1183.4
293,,"Pleasants County, WV",54073.0,2011.0,2011.0,104.0,7611.0,1366.4
294,,"Pleasants County, WV",54073.0,2012.0,2012.0,103.0,7595.0,1356.2
296,,"Pocahontas County, WV",54075.0,2006.0,2006.0,123.0,8938.0,1376.1
297,,"Pocahontas County, WV",54075.0,2007.0,2007.0,117.0,8851.0,1321.9
298,,"Pocahontas County, WV",54075.0,2008.0,2008.0,107.0,8807.0,1214.9
299,,"Pocahontas County, WV",54075.0,2009.0,2009.0,110.0,8746.0,1257.7
300,,"Pocahontas County, WV",54075.0,2010.0,2010.0,115.0,8719.0,1319.0
301,,"Pocahontas County, WV",54075.0,2011.0,2011.0,91.0,8786.0,1035.7
302,,"Pocahontas County, WV",54075.0,2012.0,2012.0,107.0,8692.0,1231.0
304,,"Preston County, WV",54077.0,2006.0,2006.0,303.0,32238.0,939.9
305,,"Preston County, WV",54077.0,2007.0,2007.0,329.0,32743.0,1004.8
306,,"Preston County, WV",54077.0,2008.0,2008.0,340.0,33067.0,1028.2
307,,"Preston County, WV",54077.0,2009.0,2009.0,311.0,33333.0,933.0
308,,"Preston County, WV",54077.0,2010.0,2010.0,319.0,33520.0,951.7
309,,"Preston County, WV",54077.0,2011.0,2011.0,336.0,33723.0,996.4
310,,"Preston County, WV",54077.0,2012.0,2012.0,362.0,33832.0,1070.0
312,,"Putnam County, WV",54079.0,2006.0,2006.0,453.0,54207.0,835.7
313,,"Putnam County, WV",54079.0,2007.0,2007.0,472.0,54669.0,863.4
314,,"Putnam County, WV",54079.0,2008.0,2008.0,535.0,55051.0,971.8
315,,"Putnam County, WV",54079.0,2009.0,2009.0,504.0,55178.0,913.4
316,,"Putnam County, WV",54079.0,2010.0,2010.0,504.0,55486.0,908.3
317,,"Putnam County, WV",54079.0,2011.0,2011.0,510.0,56008.0,910.6
318,,"Putnam County, WV",54079.0,2012.0,2012.0,582.0,56435.0,1031.3
320,,"Raleigh County, WV",54081.0,2006.0,2006.0,902.0,78178.0,1153.8
321,,"Raleigh County, WV",54081.0,2007.0,2007.0,962.0,78323.0,1228.2
322,,"Raleigh County, WV",54081.0,2008.0,2008.0,919.0,78379.0,1172.5
323,,"Raleigh County, WV",54081.0,2009.0,2009.0,990.0,78782.0,1256.6
324,,"Raleigh County, WV",54081.0,2010.0,2010.0,1012.0,78859.0,1283.3
325,,"Raleigh County, WV",54081.0,2011.0,2011.0,986.0,79127.0,1246.1
326,,"Raleigh County, WV",54081.0,2012.0,2012.0,1071.0,79021.0,1355.3
328,,"Randolph County, WV",54083.0,2006.0,2006.0,337.0,29049.0,1160.1
329,,"Randolph County, WV",54083.0,2007.0,2007.0,307.0,29113.0,1054.5
330,,"Randolph County, WV",54083.0,2008.0,2008.0,338.0,29236.0,1156.1
331,,"Randolph County, WV",54083.0,2009.0,2009.0,352.0,29381.0,1198.1
332,,"Randolph County, WV",54083.0,2010.0,2010.0,310.0,29405.0,1054.2
333,,"Randolph County, WV",54083.0,2011.0,2011.0,362.0,29465.0,1228.6
334,,"Randolph County, WV",54083.0,2012.0,2012.0,355.0,29384.0,1208.1
336,,"Ritchie County, WV",54085.0,2006.0,2006.0,134.0,10588.0,1265.6
337,,"Ritchie County, WV",54085.0,2007.0,2007.0,119.0,10558.0,1127.1
338,,"Ritchie County, WV",54085.0,2008.0,2008.0,128.0,10516.0,1217.2
339,,"Ritchie County, WV",54085.0,2009.0,2009.0,139.0,10478.0,1326.6
340,,"Ritchie County, WV",54085.0,2010.0,2010.0,119.0,10449.0,1138.9
341,,"Ritchie County, WV",54085.0,2011.0,2011.0,122.0,10295.0,1185.0
342,,"Ritchie County, WV",54085.0,2012.0,2012.0,126.0,10236.0,1230.9
344,,"Roane County, WV",54087.0,2006.0,2006.0,178.0,15442.0,1152.7
345,,"Roane County, WV",54087.0,2007.0,2007.0,201.0,15215.0,1321.1
346,,"Roane County, WV",54087.0,2008.0,2008.0,189.0,15048.0,1256.0
347,,"Roane County, WV",54087.0,2009.0,2009.0,177.0,14966.0,1182.7
348,,"Roane County, WV",54087.0,2010.0,2010.0,169.0,14926.0,1132.3
349,,"Roane County, WV",54087.0,2011.0,2011.0,176.0,14858.0,1184.5
350,,"Roane County, WV",54087.0,2012.0,2012.0,191.0,14684.0,1300.7
352,,"Summers County, WV",54089.0,2006.0,2006.0,146.0,13879.0,1051.9
353,,"Summers County, WV",54089.0,2007.0,2007.0,152.0,13842.0,1098.1
354,,"Summers County, WV",54089.0,2008.0,2008.0,198.0,13712.0,1444.0
355,,"Summers County, WV",54089.0,2009.0,2009.0,159.0,13882.0,1145.4
356,,"Summers County, WV",54089.0,2010.0,2010.0,206.0,13927.0,1479.1
357,,"Summers County, WV",54089.0,2011.0,2011.0,207.0,13867.0,1492.8
358,,"Summers County, WV",54089.0,2012.0,2012.0,171.0,13737.0,1244.8
360,,"Taylor County, WV",54091.0,2006.0,2006.0,164.0,16498.0,994.1
361,,"Taylor County, WV",54091.0,2007.0,2007.0,171.0,16640.0,1027.6
362,,"Taylor County, WV",54091.0,2008.0,2008.0,195.0,16792.0,1161.3
363,,"Taylor County, WV",54091.0,2009.0,2009.0,180.0,16838.0,1069.0
364,,"Taylor County, WV",54091.0,2010.0,2010.0,199.0,16895.0,1177.9
365,,"Taylor County, WV",54091.0,2011.0,2011.0,203.0,16916.0,1200.0
366,,"Taylor County, WV",54091.0,2012.0,2012.0,179.0,16991.0,1053.5
368,,"Tucker County, WV",54093.0,2006.0,2006.0,78.0,7111.0,1096.9
369,,"Tucker County, WV",54093.0,2007.0,2007.0,87.0,7117.0,1222.4
370,,"Tucker County, WV",54093.0,2008.0,2008.0,83.0,7160.0,1159.2
371,,"Tucker County, WV",54093.0,2009.0,2009.0,107.0,7172.0,1491.9
372,,"Tucker County, WV",54093.0,2010.0,2010.0,94.0,7141.0,1316.3
373,,"Tucker County, WV",54093.0,2011.0,2011.0,91.0,7021.0,1296.1
374,,"Tucker County, WV",54093.0,2012.0,2012.0,88.0,6995.0,1258.0
376,,"Tyler County, WV",54095.0,2006.0,2006.0,106.0,9484.0,1117.7
377,,"Tyler County, WV",54095.0,2007.0,2007.0,112.0,9423.0,1188.6
378,,"Tyler County, WV",54095.0,2008.0,2008.0,109.0,9363.0,1164.2
379,,"Tyler County, WV",54095.0,2009.0,2009.0,103.0,9249.0,1113.6
380,,"Tyler County, WV",54095.0,2010.0,2010.0,127.0,9208.0,1379.2
381,,"Tyler County, WV",54095.0,2011.0,2011.0,152.0,9121.0,1666.5
382,,"Tyler County, WV",54095.0,2012.0,2012.0,124.0,9037.0,1372.1
384,,"Upshur County, WV",54097.0,2006.0,2006.0,260.0,23754.0,1094.6
385,,"Upshur County, WV",54097.0,2007.0,2007.0,273.0,23851.0,1144.6
386,,"Upshur County, WV",54097.0,2008.0,2008.0,238.0,23929.0,994.6
387,,"Upshur County, WV",54097.0,2009.0,2009.0,258.0,24124.0,1069.5
388,,"Upshur County, WV",54097.0,2010.0,2010.0,258.0,24254.0,1063.7
389,,"Upshur County, WV",54097.0,2011.0,2011.0,252.0,24322.0,1036.1
390,,"Upshur County, WV",54097.0,2012.0,2012.0,261.0,24477.0,1066.3
392,,"Wayne County, WV",54099.0,2006.0,2006.0,468.0,42717.0,1095.6
393,,"Wayne County, WV",54099.0,2007.0,2007.0,436.0,42727.0,1020.4
394,,"Wayne County, WV",54099.0,2008.0,2008.0,445.0,42767.0,1040.5
395,,"Wayne County, WV",54099.0,2009.0,2009.0,483.0,42637.0,1132.8
396,,"Wayne County, WV",54099.0,2010.0,2010.0,482.0,42481.0,1134.6
397,,"Wayne County, WV",54099.0,2011.0,2011.0,456.0,42126.0,1082.5
398,,"Wayne County, WV",54099.0,2012.0,2012.0,459.0,41649.0,1102.1
400,,"Webster County, WV",54101.0,2006.0,2006.0,128.0,9391.0,1363.0
401,,"Webster County, WV",54101.0,2007.0,2007.0,121.0,9260.0,1306.7
402,,"Webster County, WV",54101.0,2008.0,2008.0,110.0,9260.0,1187.9
403,,"Webster County, WV",54101.0,2009.0,2009.0,117.0,9167.0,1276.3
404,,"Webster County, WV",54101.0,2010.0,2010.0,98.0,9154.0,1070.6
405,,"Webster County, WV",54101.0,2011.0,2011.0,131.0,9143.0,1432.8
406,,"Webster County, WV",54101.0,2012.0,2012.0,128.0,9043.0,1415.5
408,,"Wetzel County, WV",54103.0,2006.0,2006.0,219.0,16917.0,1294.6
409,,"Wetzel County, WV",54103.0,2007.0,2007.0,206.0,16764.0,1228.8
410,,"Wetzel County, WV",54103.0,2008.0,2008.0,206.0,16645.0,1237.6
411,,"Wetzel County, WV",54103.0,2009.0,2009.0,230.0,16588.0,1386.5
412,,"Wetzel County, WV",54103.0,2010.0,2010.0,215.0,16583.0,1296.5
413,,"Wetzel County, WV",54103.0,2011.0,2011.0,227.0,16351.0,1388.3
414,,"Wetzel County, WV",54103.0,2012.0,2012.0,227.0,16422.0,1382.3
416,,"Wirt County, WV",54105.0,2006.0,2006.0,59.0,5791.0,1018.8
417,,"Wirt County, WV",54105.0,2007.0,2007.0,49.0,5806.0,844.0
418,,"Wirt County, WV",54105.0,2008.0,2008.0,68.0,5745.0,1183.6
419,,"Wirt County, WV",54105.0,2009.0,2009.0,54.0,5703.0,946.9
420,,"Wirt County, WV",54105.0,2010.0,2010.0,61.0,5717.0,1067.0
421,,"Wirt County, WV",54105.0,2011.0,2011.0,62.0,5762.0,1076.0
422,,"Wirt County, WV",54105.0,2012.0,2012.0,52.0,5847.0,889.3
424,,"Wood County, WV",54107.0,2006.0,2006.0,936.0,86552.0,1081.4
425,,"Wood County, WV",54107.0,2007.0,2007.0,950.0,86489.0,1098.4
426,,"Wood County, WV",54107.0,2008.0,2008.0,1019.0,86783.0,1174.2
427,,"Wood County, WV",54107.0,2009.0,2009.0,1021.0,86841.0,1175.7
428,,"Wood County, WV",54107.0,2010.0,2010.0,989.0,86956.0,1137.4
429,,"Wood County, WV",54107.0,2011.0,2011.0,1039.0,87120.0,1192.6
430,,"Wood County, WV",54107.0,2012.0,2012.0,1007.0,86701.0,1161.5
432,,"Wyoming County, WV",54109.0,2006.0,2006.0,290.0,24288.0,1194.0
433,,"Wyoming County, WV",54109.0,2007.0,2007.0,313.0,24078.0,1299.9
434,,"Wyoming County, WV",54109.0,2008.0,2008.0,315.0,23957.0,1314.9
435,,"Wyoming County, WV",54109.0,2009.0,2009.0,344.0,23899.0,1439.4
436,,"Wyoming County, WV",54109.0,2010.0,2010.0,320.0,23796.0,1344.8
437,,"Wyoming County, WV",54109.0,2011.0,2011.0,345.0,23419.0,1473.2
438,,"Wyoming County, WV",54109.0,2012.0,2012.0,351.0,23273.0,1508.2
441,---,,,,,,,
442,"Dataset: Underlying Cause of Death, 1999-2017",,,,,,,
443,Query Parameters:,,,,,,,
444,States: West Virginia (54),,,,,,,
445,Year/Month: 2006; 2007; 2008; 2009; 2010; 2011; 2012,,,,,,,
446,Group By: County; Year,,,,,,,
447,Show Totals: True,,,,,,,
448,Show Zero Values: True,,,,,,,
449,Show Suppressed: False,,,,,,,
450,"Calculate Rates Per: 100,000",,,,,,,
451,Rate Options: Default intercensal populations for years 2001-2009 (except Infant Age Groups),,,,,,,
452,---,,,,,,,
453,Help: See http://wonder.cdc.gov/wonder/help/ucd.html for more information.,,,,,,,
454,---,,,,,,,
455,"Query Date: Nov 7, 2019 7:44:56 PM",,,,,,,
456,---,,,,,,,
457,"Suggested Citation: Centers for Disease Control and Prevention, National Center for Health Statistics. Underlying Cause of Death",,,,,,,
458,"1999-2017 on CDC WONDER Online Database, released December, 2018. Data are from the Multiple Cause of Death Files, 1999-2017, as",,,,,,,
459,compiled from data provided by the 57 vital statistics jurisdictions through the Vital Statistics Cooperative Program. Accessed,,,,,,,
460,"at http://wonder.cdc.gov/ucd-icd10.html on Nov 7, 2019 7:44:56 PM",,,,,,,
461,---,,,,,,,
462,Caveats:,,,,,,,
463,"1. The population figures for year 2017 are bridged-race estimates of the July 1 resident population, from the Vintage 2017",,,,,,,
464,"postcensal series released by NCHS on June 27, 2018. The population figures for year 2016 are bridged-race estimates of the July",,,,,,,
465,"1 resident population, from the Vintage 2016 postcensal series released by NCHS on June 26, 2017. The population figures for",,,,,,,
466,"year 2015 are bridged-race estimates of the July 1 resident population, from the Vintage 2015 postcensal series released by NCHS",,,,,,,
467,"on June 28, 2016. The population figures for year 2014 are bridged-race estimates of the July 1 resident population, from the",,,,,,,
468,"Vintage 2014 postcensal series released by NCHS on June 30, 2015. The population figures for year 2013 are bridged-race",,,,,,,
469,"estimates of the July 1 resident population, from the Vintage 2013 postcensal series released by NCHS on June 26, 2014. The",,,,,,,
470,"population figures for year 2012 are bridged-race estimates of the July 1 resident population, from the Vintage 2012 postcensal",,,,,,,
471,"series released by NCHS on June 13, 2013. The population figures for year 2011 are bridged-race estimates of the July 1 resident",,,,,,,
472,"population, from the Vintage 2011 postcensal series released by NCHS on July 18, 2012. Population figures for 2010 are April 1",,,,,,,
473,"Census counts. The population figures for years 2001 - 2009 are bridged-race estimates of the July 1 resident population, from",,,,,,,
474,"the revised intercensal county-level 2000 - 2009 series released by NCHS on October 26, 2012. Population figures for 2000 are",,,,,,,
475,April 1 Census counts. Population figures for 1999 are from the 1990-1999 intercensal series of July 1 estimates. Population,,,,,,,
476,figures for the infant age groups are the number of live births. <br/><b>Note:</b> Rates and population figures for years 2001 -,,,,,,,
477,"2009 differ slightly from previously published reports, due to use of the population estimates which were available at the time",,,,,,,
478,of release.,,,,,,,
479,2. The population figures used in the calculation of death rates for the age group 'under 1 year' are the estimates of the,,,,,,,
480,resident population that is under one year of age. More information: http://wonder.cdc.gov/wonder/help/ucd.html#Age Group.,,,,,,,
