REPORTER_NAME,REPORTER_CITY,REPORTER_STATE,REPORTER_ZIP,County,DRUG_NAME,transaction year,Quantity
A F HAUSER INC,VALPARAISO,IN,46383,PORTER,HYDROCODONE,2006,1
A F HAUSER INC,VALPARAISO,IN,46383,PORTER,HYDROCODONE,2007,1
A F HAUSER INC,VALPARAISO,IN,46383,PORTER,HYDROCODONE,2009,4
A F HAUSER INC,VALPARAISO,IN,46383,PORTER,HYDROCODONE,2010,6
A F HAUSER INC,VALPARAISO,IN,46383,PORTER,HYDROCODONE,2011,4
A F HAUSER INC,VALPARAISO,IN,46383,PORTER,HYDROCODONE,2012,6
A-S MEDICATION SOLUTIONS LLC,LIBERTYVILLE,IL,60048,LAKE,HYDROCODONE,2009,81
A-S MEDICATION SOLUTIONS LLC,LIBERTYVILLE,IL,60048,LAKE,HYDROCODONE,2010,121
ACTAVIS PHARMA INC.,GURNEE,IL,60031,LAKE,HYDROCODONE,2008,2
ACTAVIS PHARMA INC.,GURNEE,IL,60031,LAKE,HYDROCODONE,2012,2
AL PHARMA,NIAGARA FALLS,NY,14305,NIAGARA,HYDROCODONE,2006,19
ALLSCRIPTS LLC,LIBERTYVILLE,IL,60048,LAKE,HYDROCODONE,2006,42
ALLSCRIPTS LLC,LIBERTYVILLE,IL,60048,LAKE,HYDROCODONE,2007,38
ALLSCRIPTS LLC,LIBERTYVILLE,IL,60048,LAKE,HYDROCODONE,2008,24
AMATHEON INC,MIAMI,FL,33155,MIAMI-DADE,HYDROCODONE,2008,3
AMATHEON INC,MIAMI,FL,33155,MIAMI-DADE,HYDROCODONE,2010,1
AMATHEON INC,MIAMI,FL,33155,MIAMI-DADE,HYDROCODONE,2012,8
AMERICAN HEALTH SERVICE SALES,METTAWA,IL,60045,LAKE,HYDROCODONE,2007,1
AMERICAN HEALTH SERVICE SALES,METTAWA,IL,60045,LAKE,HYDROCODONE,2009,2
AMERICAN HEALTH SERVICE SALES,METTAWA,IL,60045,LAKE,HYDROCODONE,2012,1
AMERICAN MEDICAL DISTRIB,NORTH AMITYVILLE,NY,11701,SUFFOLK,HYDROCODONE,2007,32
AMERICAN MEDICAL DISTRIB,NORTH AMITYVILLE,NY,11701,SUFFOLK,HYDROCODONE,2008,10
AMERICAN SALES COMPANY,BALTIMORE,MD,21244,BALTIMORE,HYDROCODONE,2006,1342
AMERICAN SALES COMPANY,BALTIMORE,MD,21244,BALTIMORE,HYDROCODONE,2007,1161
AMERICAN SALES COMPANY,BALTIMORE,MD,21244,BALTIMORE,HYDROCODONE,2008,1249
AMERICAN SALES COMPANY,BALTIMORE,MD,21244,BALTIMORE,HYDROCODONE,2009,1404
AMERICAN SALES COMPANY,BALTIMORE,MD,21244,BALTIMORE,HYDROCODONE,2010,1411
AMERICAN SALES COMPANY,BALTIMORE,MD,21244,BALTIMORE,HYDROCODONE,2011,1490
AMERICAN SALES COMPANY,BALTIMORE,MD,21244,BALTIMORE,HYDROCODONE,2012,1509
AMERISOURCEBERGEN DRUG CORP,ANTIOCH,TN,37013,DAVIDSON,HYDROCODONE,2006,380
AMERISOURCEBERGEN DRUG CORP,ANTIOCH,TN,37013,DAVIDSON,OXYCODONE,2006,440
AMERISOURCEBERGEN DRUG CORP,GLEN ALLEN,VA,23059,HENRICO,HYDROCODONE,2006,13232
AMERISOURCEBERGEN DRUG CORP,GLEN ALLEN,VA,23059,HENRICO,HYDROCODONE,2007,13324
AMERISOURCEBERGEN DRUG CORP,GLEN ALLEN,VA,23059,HENRICO,HYDROCODONE,2008,12171
AMERISOURCEBERGEN DRUG CORP,GLEN ALLEN,VA,23059,HENRICO,HYDROCODONE,2009,14124
AMERISOURCEBERGEN DRUG CORP,GLEN ALLEN,VA,23059,HENRICO,HYDROCODONE,2010,12965
AMERISOURCEBERGEN DRUG CORP,GLEN ALLEN,VA,23059,HENRICO,HYDROCODONE,2011,14416
AMERISOURCEBERGEN DRUG CORP,GLEN ALLEN,VA,23059,HENRICO,HYDROCODONE,2012,13443
AMERISOURCEBERGEN DRUG CORP,GLEN ALLEN,VA,23059,HENRICO,OXYCODONE,2006,10836
AMERISOURCEBERGEN DRUG CORP,GLEN ALLEN,VA,23059,HENRICO,OXYCODONE,2007,11789
AMERISOURCEBERGEN DRUG CORP,GLEN ALLEN,VA,23059,HENRICO,OXYCODONE,2008,11376
AMERISOURCEBERGEN DRUG CORP,GLEN ALLEN,VA,23059,HENRICO,OXYCODONE,2009,12859
AMERISOURCEBERGEN DRUG CORP,GLEN ALLEN,VA,23059,HENRICO,OXYCODONE,2010,19384
AMERISOURCEBERGEN DRUG CORP,GLEN ALLEN,VA,23059,HENRICO,OXYCODONE,2011,32181
AMERISOURCEBERGEN DRUG CORP,GLEN ALLEN,VA,23059,HENRICO,OXYCODONE,2012,44725
AMERISOURCEBERGEN DRUG CORP,LOCKBOURNE,OH,43137,FRANKLIN,HYDROCODONE,2006,24709
AMERISOURCEBERGEN DRUG CORP,LOCKBOURNE,OH,43137,FRANKLIN,HYDROCODONE,2007,28708
AMERISOURCEBERGEN DRUG CORP,LOCKBOURNE,OH,43137,FRANKLIN,HYDROCODONE,2008,30589
AMERISOURCEBERGEN DRUG CORP,LOCKBOURNE,OH,43137,FRANKLIN,HYDROCODONE,2009,28625
AMERISOURCEBERGEN DRUG CORP,LOCKBOURNE,OH,43137,FRANKLIN,HYDROCODONE,2010,13933
AMERISOURCEBERGEN DRUG CORP,LOCKBOURNE,OH,43137,FRANKLIN,HYDROCODONE,2011,16406
AMERISOURCEBERGEN DRUG CORP,LOCKBOURNE,OH,43137,FRANKLIN,HYDROCODONE,2012,17509
AMERISOURCEBERGEN DRUG CORP,LOCKBOURNE,OH,43137,FRANKLIN,OXYCODONE,2006,23640
AMERISOURCEBERGEN DRUG CORP,LOCKBOURNE,OH,43137,FRANKLIN,OXYCODONE,2007,28641
AMERISOURCEBERGEN DRUG CORP,LOCKBOURNE,OH,43137,FRANKLIN,OXYCODONE,2008,34704
AMERISOURCEBERGEN DRUG CORP,LOCKBOURNE,OH,43137,FRANKLIN,OXYCODONE,2009,37965
AMERISOURCEBERGEN DRUG CORP,LOCKBOURNE,OH,43137,FRANKLIN,OXYCODONE,2010,27849
AMERISOURCEBERGEN DRUG CORP,LOCKBOURNE,OH,43137,FRANKLIN,OXYCODONE,2011,35975
AMERISOURCEBERGEN DRUG CORP,LOCKBOURNE,OH,43137,FRANKLIN,OXYCODONE,2012,39791
AMERISOURCEBERGEN DRUG CORP,NORTH AMITYVILLE,NY,11701,SUFFOLK,HYDROCODONE,2008,37
AMERISOURCEBERGEN DRUG CORP,NORTH AMITYVILLE,NY,11701,SUFFOLK,HYDROCODONE,2009,332
AMERISOURCEBERGEN DRUG CORP,NORTH AMITYVILLE,NY,11701,SUFFOLK,HYDROCODONE,2010,197
AMERISOURCEBERGEN DRUG CORP,NORTH AMITYVILLE,NY,11701,SUFFOLK,HYDROCODONE,2011,150
AMERISOURCEBERGEN DRUG CORP,NORTH AMITYVILLE,NY,11701,SUFFOLK,HYDROCODONE,2012,119
AMERISOURCEBERGEN DRUG CORP,NORTH AMITYVILLE,NY,11701,SUFFOLK,OXYCODONE,2008,103
AMERISOURCEBERGEN DRUG CORP,NORTH AMITYVILLE,NY,11701,SUFFOLK,OXYCODONE,2009,102
AMERISOURCEBERGEN DRUG CORP,NORTH AMITYVILLE,NY,11701,SUFFOLK,OXYCODONE,2010,73
AMERISOURCEBERGEN DRUG CORP,NORTH AMITYVILLE,NY,11701,SUFFOLK,OXYCODONE,2011,293
AMERISOURCEBERGEN DRUG CORP,NORTH AMITYVILLE,NY,11701,SUFFOLK,OXYCODONE,2012,191
ANDA INC,WESTON,FL,33331,BROWARD,HYDROCODONE,2006,2508
ANDA INC,WESTON,FL,33331,BROWARD,HYDROCODONE,2007,2792
ANDA INC,WESTON,FL,33331,BROWARD,HYDROCODONE,2008,2232
ANDA INC,WESTON,FL,33331,BROWARD,HYDROCODONE,2009,2398
ANDA INC,WESTON,FL,33331,BROWARD,HYDROCODONE,2010,1485
ANDA INC,WESTON,FL,33331,BROWARD,HYDROCODONE,2011,1239
ANDA INC,WESTON,FL,33331,BROWARD,HYDROCODONE,2012,1385
ANDA INC,WESTON,FL,33331,BROWARD,OXYCODONE,2006,2968
ANDA INC,WESTON,FL,33331,BROWARD,OXYCODONE,2007,987
ANDA INC,WESTON,FL,33331,BROWARD,OXYCODONE,2008,123
ANDA INC,WESTON,FL,33331,BROWARD,OXYCODONE,2009,399
ANDA INC,WESTON,FL,33331,BROWARD,OXYCODONE,2012,2
ANDA PHARMACEUTICALS INC,GROVEPORT,OH,43125,FRANKLIN,HYDROCODONE,2006,4773
ANDA PHARMACEUTICALS INC,GROVEPORT,OH,43125,FRANKLIN,HYDROCODONE,2007,3335
ANDA PHARMACEUTICALS INC,GROVEPORT,OH,43125,FRANKLIN,HYDROCODONE,2008,3717
ANDA PHARMACEUTICALS INC,GROVEPORT,OH,43125,FRANKLIN,HYDROCODONE,2009,5776
ANDA PHARMACEUTICALS INC,GROVEPORT,OH,43125,FRANKLIN,HYDROCODONE,2010,3700
ANDA PHARMACEUTICALS INC,GROVEPORT,OH,43125,FRANKLIN,HYDROCODONE,2011,3114
ANDA PHARMACEUTICALS INC,GROVEPORT,OH,43125,FRANKLIN,HYDROCODONE,2012,1226
ANDA PHARMACEUTICALS INC,GROVEPORT,OH,43125,FRANKLIN,OXYCODONE,2006,8099
ANDA PHARMACEUTICALS INC,GROVEPORT,OH,43125,FRANKLIN,OXYCODONE,2007,8553
ANDA PHARMACEUTICALS INC,GROVEPORT,OH,43125,FRANKLIN,OXYCODONE,2008,10146
ANDA PHARMACEUTICALS INC,GROVEPORT,OH,43125,FRANKLIN,OXYCODONE,2009,13574
ANDA PHARMACEUTICALS INC,GROVEPORT,OH,43125,FRANKLIN,OXYCODONE,2010,11735
ANDA PHARMACEUTICALS INC,GROVEPORT,OH,43125,FRANKLIN,OXYCODONE,2011,8041
ANDA PHARMACEUTICALS INC,GROVEPORT,OH,43125,FRANKLIN,OXYCODONE,2012,5428
ASD SPECIALTY HEALTHCARE LLC,BROOKS,KY,40109,BULLITT,HYDROCODONE,2007,1
ASD SPECIALTY HEALTHCARE LLC,BROOKS,KY,40109,BULLITT,HYDROCODONE,2008,4
ASD SPECIALTY HEALTHCARE LLC,BROOKS,KY,40109,BULLITT,HYDROCODONE,2011,2
ASD SPECIALTY HEALTHCARE LLC,BROOKS,KY,40109,BULLITT,HYDROCODONE,2012,1
ASSOCIATED PHARMACIES INC,SCOTTSBORO,AL,35769,JACKSON,HYDROCODONE,2006,2
ASSOCIATED PHARMACIES INC,SCOTTSBORO,AL,35769,JACKSON,HYDROCODONE,2007,858
ASSOCIATED PHARMACIES INC,SCOTTSBORO,AL,35769,JACKSON,HYDROCODONE,2008,1181
ASSOCIATED PHARMACIES INC,SCOTTSBORO,AL,35769,JACKSON,HYDROCODONE,2009,1588
ASSOCIATED PHARMACIES INC,SCOTTSBORO,AL,35769,JACKSON,HYDROCODONE,2010,1548
ASSOCIATED PHARMACIES INC,SCOTTSBORO,AL,35769,JACKSON,HYDROCODONE,2011,1660
ASSOCIATED PHARMACIES INC,SCOTTSBORO,AL,35769,JACKSON,HYDROCODONE,2012,1043
ASSOCIATED PHARMACIES INC,SCOTTSBORO,AL,35769,JACKSON,OXYCODONE,2010,27
ASSOCIATED PHARMACIES INC,SCOTTSBORO,AL,35769,JACKSON,OXYCODONE,2011,911
ASSOCIATED PHARMACIES INC,SCOTTSBORO,AL,35769,JACKSON,OXYCODONE,2012,1385
AUBURN PHARMACEUTICAL,TROY,MI,48083,OAKLAND,HYDROCODONE,2006,26
AUBURN PHARMACEUTICAL,TROY,MI,48083,OAKLAND,HYDROCODONE,2007,1
AUBURN PHARMACEUTICAL,TROY,MI,48083,OAKLAND,HYDROCODONE,2008,30
AUBURN PHARMACEUTICAL,TROY,MI,48083,OAKLAND,HYDROCODONE,2009,44
AUBURN PHARMACEUTICAL,TROY,MI,48083,OAKLAND,HYDROCODONE,2010,68
AUBURN PHARMACEUTICAL,TROY,MI,48083,OAKLAND,HYDROCODONE,2011,64
AUBURN PHARMACEUTICAL,TROY,MI,48083,OAKLAND,HYDROCODONE,2012,95
AUBURN PHARMACEUTICAL,TROY,MI,48083,OAKLAND,OXYCODONE,2007,2
AUBURN PHARMACEUTICAL,TROY,MI,48083,OAKLAND,OXYCODONE,2009,24
AUBURN PHARMACEUTICAL,TROY,MI,48083,OAKLAND,OXYCODONE,2010,2
AUBURN PHARMACEUTICAL,TROY,MI,48083,OAKLAND,OXYCODONE,2011,18
BELLCO DRUG CORP,NORTH AMITYVILLE,NY,11701,SUFFOLK,HYDROCODONE,2006,26
BELLCO DRUG CORP,NORTH AMITYVILLE,NY,11701,SUFFOLK,HYDROCODONE,2007,32
BELLCO DRUG CORP,NORTH AMITYVILLE,NY,11701,SUFFOLK,OXYCODONE,2007,97
BENCO DENTAL SUPPLY CO,PITTSTON,PA,18640,LUZERNE,HYDROCODONE,2008,21
BENCO DENTAL SUPPLY CO,PITTSTON,PA,18640,LUZERNE,HYDROCODONE,2009,30
BENCO DENTAL SUPPLY CO,PITTSTON,PA,18640,LUZERNE,HYDROCODONE,2010,48
BENCO DENTAL SUPPLY CO,PITTSTON,PA,18640,LUZERNE,HYDROCODONE,2011,45
BENCO DENTAL SUPPLY CO,PITTSTON,PA,18640,LUZERNE,HYDROCODONE,2012,2
BLOODWORTH WHOLESALE DRUGS,TIFTON,GA,31793,TIFT,HYDROCODONE,2011,34
BLOODWORTH WHOLESALE DRUGS,TIFTON,GA,31793,TIFT,HYDROCODONE,2012,367
BURKE HORTON INC. D/B/A THE RX EXCHANGE,NORCROSS,GA,30093,GWINNETT,HYDROCODONE,2010,4
BUTLER ANIMAL HEALTH SUPPLY,COLUMBUS,OH,43204,FRANKLIN,HYDROCODONE,2006,58
BUTLER ANIMAL HEALTH SUPPLY,COLUMBUS,OH,43204,FRANKLIN,HYDROCODONE,2007,47
BUTLER ANIMAL HEALTH SUPPLY,COLUMBUS,OH,43204,FRANKLIN,HYDROCODONE,2008,1
BUTLER ANIMAL HEALTH SUPPLY,COLUMBUS,OH,43204,FRANKLIN,HYDROCODONE,2009,1
BUTLER ANIMAL HEALTH SUPPLY,COLUMBUS,OH,43204,FRANKLIN,HYDROCODONE,2010,3
BUTLER ANIMAL HEALTH SUPPLY,VISALIA,CA,93291,TULARE,HYDROCODONE,2007,1
BUTLER SCHEIN ANIMAL HEALTH SUPPLY,PITTSBURGH,PA,15239,ALLEGHENY,HYDROCODONE,2010,2
CAPITAL WHOLESALE DRUG & CO,GRANDVIEW HEIGHTS,OH,43212,FRANKLIN,HYDROCODONE,2011,2
CAPITAL WHOLESALE DRUG & CO,GRANDVIEW HEIGHTS,OH,43212,FRANKLIN,HYDROCODONE,2012,47
CAPITAL WHOLESALE DRUG & CO,GRANDVIEW HEIGHTS,OH,43212,FRANKLIN,OXYCODONE,2009,100
CARDINAL HEALTH,MADISON,MS,39110,MADISON,HYDROCODONE,2007,1
CARDINAL HEALTH,MADISON,MS,39110,MADISON,HYDROCODONE,2008,3
CARDINAL HEALTH,MADISON,MS,39110,MADISON,HYDROCODONE,2009,3
CARDINAL HEALTH,MADISON,MS,39110,MADISON,HYDROCODONE,2010,5
CARDINAL HEALTH,MADISON,MS,39110,MADISON,HYDROCODONE,2011,9
CARDINAL HEALTH,MADISON,MS,39110,MADISON,HYDROCODONE,2012,13
CARDINAL HEALTH,MADISON,MS,39110,MADISON,OXYCODONE,2011,2
CARDINAL HEALTH,MADISON,MS,39110,MADISON,OXYCODONE,2012,3
CARDINAL HEALTH,WHEELING,WV,26003,OHIO,HYDROCODONE,2006,35945
CARDINAL HEALTH,WHEELING,WV,26003,OHIO,HYDROCODONE,2007,43957
CARDINAL HEALTH,WHEELING,WV,26003,OHIO,HYDROCODONE,2008,48603
CARDINAL HEALTH,WHEELING,WV,26003,OHIO,HYDROCODONE,2009,51206
CARDINAL HEALTH,WHEELING,WV,26003,OHIO,HYDROCODONE,2010,66786
CARDINAL HEALTH,WHEELING,WV,26003,OHIO,HYDROCODONE,2011,65893
CARDINAL HEALTH,WHEELING,WV,26003,OHIO,HYDROCODONE,2012,71511
CARDINAL HEALTH,WHEELING,WV,26003,OHIO,OXYCODONE,2006,77003
CARDINAL HEALTH,WHEELING,WV,26003,OHIO,OXYCODONE,2007,92326
CARDINAL HEALTH,WHEELING,WV,26003,OHIO,OXYCODONE,2008,104437
CARDINAL HEALTH,WHEELING,WV,26003,OHIO,OXYCODONE,2009,122121
CARDINAL HEALTH,WHEELING,WV,26003,OHIO,OXYCODONE,2010,145016
CARDINAL HEALTH,WHEELING,WV,26003,OHIO,OXYCODONE,2011,146770
CARDINAL HEALTH,WHEELING,WV,26003,OHIO,OXYCODONE,2012,155953
CARDINAL HEALTH 110 LLC,NIAGARA FALLS,NY,14305,NIAGARA,HYDROCODONE,2006,113
CARDINAL HEALTH 110 LLC,NIAGARA FALLS,NY,14305,NIAGARA,HYDROCODONE,2007,183
CARDINAL HEALTH 110 LLC,NIAGARA FALLS,NY,14305,NIAGARA,HYDROCODONE,2008,27
CARDINAL HEALTH 110 LLC,NIAGARA FALLS,NY,14305,NIAGARA,HYDROCODONE,2009,12
CARDINAL HEALTH 110 LLC,NIAGARA FALLS,NY,14305,NIAGARA,HYDROCODONE,2010,145
CARDINAL HEALTH 110 LLC,NIAGARA FALLS,NY,14305,NIAGARA,HYDROCODONE,2011,243
CARDINAL HEALTH 110 LLC,NIAGARA FALLS,NY,14305,NIAGARA,HYDROCODONE,2012,902
CARDINAL HEALTH 110 LLC,NIAGARA FALLS,NY,14305,NIAGARA,OXYCODONE,2006,24
CARDINAL HEALTH 110 LLC,NIAGARA FALLS,NY,14305,NIAGARA,OXYCODONE,2008,7
CARDINAL HEALTH 110 LLC,NIAGARA FALLS,NY,14305,NIAGARA,OXYCODONE,2010,28
CARDINAL HEALTH 110 LLC,NIAGARA FALLS,NY,14305,NIAGARA,OXYCODONE,2011,12
CARDINAL HEALTH 110 LLC,NIAGARA FALLS,NY,14305,NIAGARA,OXYCODONE,2012,178
CARDINAL HEALTH INC.,SIMPSONVILLE,KY,40067,SHELBY,HYDROCODONE,2006,3527
CARDINAL HEALTH INC.,SIMPSONVILLE,KY,40067,SHELBY,OXYCODONE,2006,4964
CEDARDALE DISTRIBUTORS LLC D/B/A GEN-SOURCE RX,CARLSTADT,NJ,7072,BERGEN,HYDROCODONE,2006,523
CEDARDALE DISTRIBUTORS LLC D/B/A GEN-SOURCE RX,CARLSTADT,NJ,7072,BERGEN,HYDROCODONE,2007,303
CEDARDALE DISTRIBUTORS LLC D/B/A GEN-SOURCE RX,CARLSTADT,NJ,7072,BERGEN,HYDROCODONE,2008,389
CEDARDALE DISTRIBUTORS LLC D/B/A GEN-SOURCE RX,CARLSTADT,NJ,7072,BERGEN,HYDROCODONE,2009,386
CEDARDALE DISTRIBUTORS LLC D/B/A GEN-SOURCE RX,CARLSTADT,NJ,7072,BERGEN,HYDROCODONE,2010,171
CEDARDALE DISTRIBUTORS LLC D/B/A GEN-SOURCE RX,CARLSTADT,NJ,7072,BERGEN,HYDROCODONE,2011,245
CEDARDALE DISTRIBUTORS LLC D/B/A GEN-SOURCE RX,CARLSTADT,NJ,7072,BERGEN,HYDROCODONE,2012,112
COLUMBUS SERUM CO,COLUMBUS,OH,43207,FRANKLIN,HYDROCODONE,2006,110
COLUMBUS SERUM CO,COLUMBUS,OH,43207,FRANKLIN,HYDROCODONE,2007,78
COLUMBUS SERUM CO,COLUMBUS,OH,43207,FRANKLIN,HYDROCODONE,2008,1
COLUMBUS SERUM CO,COLUMBUS,OH,43207,FRANKLIN,HYDROCODONE,2009,75
COLUMBUS SERUM CO,COLUMBUS,OH,43207,FRANKLIN,HYDROCODONE,2010,23
CVS INDIANA,INDIANAPOLIS,IN,46219,MARION,HYDROCODONE,2006,34057
CVS INDIANA,INDIANAPOLIS,IN,46219,MARION,HYDROCODONE,2007,46976
CVS INDIANA,INDIANAPOLIS,IN,46219,MARION,HYDROCODONE,2008,52337
CVS INDIANA,INDIANAPOLIS,IN,46219,MARION,HYDROCODONE,2009,50148
CVS INDIANA,INDIANAPOLIS,IN,46219,MARION,HYDROCODONE,2010,46691
CVS INDIANA,INDIANAPOLIS,IN,46219,MARION,HYDROCODONE,2011,51221
CVS INDIANA,INDIANAPOLIS,IN,46219,MARION,HYDROCODONE,2012,51428
CVS TN DISTRIBUTION LLC,KNOXVILLE,TN,37922,KNOX,HYDROCODONE,2006,338
CVS TN DISTRIBUTION LLC,KNOXVILLE,TN,37922,KNOX,HYDROCODONE,2009,827
CVS TN DISTRIBUTION LLC,KNOXVILLE,TN,37922,KNOX,HYDROCODONE,2010,1855
CVS TN DISTRIBUTION LLC,KNOXVILLE,TN,37922,KNOX,HYDROCODONE,2011,154
D & H WHOLESALE MEDICAL,RUSTON,LA,71270,LINCOLN,HYDROCODONE,2009,1
D & K HEALTHCARE RESOURCES,LEXINGTON,KY,40505,FAYETTE,HYDROCODONE,2006,1017
D & K HEALTHCARE RESOURCES,LEXINGTON,KY,40505,FAYETTE,OXYCODONE,2006,487
DARBY DENTAL SUPPLY LLC,MEMPHIS,TN,38118,SHELBY,HYDROCODONE,2006,27
DARBY DENTAL SUPPLY LLC,MEMPHIS,TN,38118,SHELBY,HYDROCODONE,2007,47
DARBY DENTAL SUPPLY LLC,MEMPHIS,TN,38118,SHELBY,HYDROCODONE,2008,47
DARBY DENTAL SUPPLY LLC,MEMPHIS,TN,38118,SHELBY,HYDROCODONE,2009,28
DARBY DENTAL SUPPLY LLC,MEMPHIS,TN,38118,SHELBY,HYDROCODONE,2010,1
DARBY DENTAL SUPPLY LLC,MEMPHIS,TN,38118,SHELBY,HYDROCODONE,2011,1
DARBY DENTAL SUPPLY LLC,MEMPHIS,TN,38118,SHELBY,HYDROCODONE,2012,2
DIAMOND PHARMACY SERVICES,INDIANA,PA,15701,INDIANA,HYDROCODONE,2006,10
DISPENSING SOLUTIONS,SANTA ANA,CA,92704,ORANGE,HYDROCODONE,2006,78
DISPENSING SOLUTIONS,SANTA ANA,CA,92704,ORANGE,HYDROCODONE,2007,10
DISPENSING SOLUTIONS,SANTA ANA,CA,92704,ORANGE,HYDROCODONE,2011,20
DISPENSING SOLUTIONS,SANTA ANA,CA,92704,ORANGE,HYDROCODONE,2012,4044
DISPENSING SOLUTIONS,SANTA ANA,CA,92704,ORANGE,OXYCODONE,2006,60
DIT HEALTHCARE DISTRIBUTIO,WEST CHESTER,OH,45246,HAMILTON,HYDROCODONE,2008,27
DIVERSIFIED HEALTH CARE,ROSWELL,GA,30076,FULTON,HYDROCODONE,2007,30
DIVERSIFIED HEALTH CARE,ROSWELL,GA,30076,FULTON,OXYCODONE,2007,50
DIXON-SHANE LLC,PHILADELPHIA,PA,19116,PHILADELPHIA,HYDROCODONE,2008,4
DOHMEN LIFE SCIENCE SERVICES LLC,MEMPHIS,TN,38141,SHELBY,HYDROCODONE,2006,82
DOHMEN LIFE SCIENCE SERVICES LLC,MEMPHIS,TN,38141,SHELBY,HYDROCODONE,2010,4
DRX PHARMACEUTICAL CONSULTANTS INC.,LAKE FOREST,IL,60045,LAKE,HYDROCODONE,2006,210
DRX PHARMACEUTICAL CONSULTANTS INC.,LAKE FOREST,IL,60045,LAKE,HYDROCODONE,2007,310
DRX PHARMACEUTICAL CONSULTANTS INC.,LAKE FOREST,IL,60045,LAKE,HYDROCODONE,2008,180
DRX PHARMACEUTICAL CONSULTANTS INC.,LAKE FOREST,IL,60045,LAKE,HYDROCODONE,2009,60
DVM-RESOURCES,MEMPHIS,TN,38141,SHELBY,HYDROCODONE,2006,3
ECKERD CORPORATION,LIVERPOOL,NY,13088,ONONDAGA,HYDROCODONE,2006,908
ECKERD CORPORATION,LIVERPOOL,NY,13088,ONONDAGA,HYDROCODONE,2007,684
ECKERD CORPORATION,LIVERPOOL,NY,13088,ONONDAGA,HYDROCODONE,2008,771
ECKERD CORPORATION,LIVERPOOL,NY,13088,ONONDAGA,OXYCODONE,2006,1629
ECKERD CORPORATION,LIVERPOOL,NY,13088,ONONDAGA,OXYCODONE,2007,672
EXPERT-MED,ORMOND BEACH,FL,32174,VOLUSIA,HYDROCODONE,2006,119
EXPERT-MED,ORMOND BEACH,FL,32174,VOLUSIA,HYDROCODONE,2007,59
EXPERT-MED,ORMOND BEACH,FL,32174,VOLUSIA,OXYCODONE,2006,2088
EXPERT-MED,ORMOND BEACH,FL,32174,VOLUSIA,OXYCODONE,2007,706
EXPERT-MED INC,GREENVILLE,SC,29607,GREENVILLE,HYDROCODONE,2006,749
EXPERT-MED INC,GREENVILLE,SC,29607,GREENVILLE,HYDROCODONE,2007,396
FRUTH INC,POINT PLEASANT,WV,25550,MASON,HYDROCODONE,2009,61
GENERAL INJECTABLES & VACCINESINC,BASTIAN,VA,24314,BLAND,HYDROCODONE,2006,45
GENERAL INJECTABLES & VACCINESINC,BASTIAN,VA,24314,BLAND,HYDROCODONE,2007,69
GENERAL INJECTABLES & VACCINESINC,BASTIAN,VA,24314,BLAND,HYDROCODONE,2008,80
GENERAL INJECTABLES & VACCINESINC,BASTIAN,VA,24314,BLAND,HYDROCODONE,2009,17
GENERICS BIDCO I LLC,HUNTSVILLE,AL,35811,MADISON,HYDROCODONE,2007,34
GENERICS BIDCO I LLC,HUNTSVILLE,AL,35811,MADISON,HYDROCODONE,2008,231
GENETCO  INC,RONKONKOMA,NY,11779,SUFFOLK,HYDROCODONE,2006,43
GENETCO  INC,RONKONKOMA,NY,11779,SUFFOLK,HYDROCODONE,2007,49
GENETCO  INC,RONKONKOMA,NY,11779,SUFFOLK,HYDROCODONE,2008,7
GENETCO  INC,RONKONKOMA,NY,11779,SUFFOLK,HYDROCODONE,2009,9
GENETCO  INC,RONKONKOMA,NY,11779,SUFFOLK,HYDROCODONE,2010,2
GENETCO  INC,RONKONKOMA,NY,11779,SUFFOLK,HYDROCODONE,2012,49
GOODWIN DRUG CO,WHEELING,WV,26003,OHIO,HYDROCODONE,2006,13
GOODWIN DRUG CO,WHEELING,WV,26003,OHIO,HYDROCODONE,2007,9
GOODWIN DRUG CO,WHEELING,WV,26003,OHIO,HYDROCODONE,2008,16
GOODWIN DRUG CO,WHEELING,WV,26003,OHIO,HYDROCODONE,2009,13
GOODWIN DRUG CO,WHEELING,WV,26003,OHIO,HYDROCODONE,2010,25
GOODWIN DRUG CO,WHEELING,WV,26003,OHIO,HYDROCODONE,2011,3
GOODWIN DRUG CO,WHEELING,WV,26003,OHIO,HYDROCODONE,2012,7
GOODWIN DRUG CO,WHEELING,WV,26003,OHIO,OXYCODONE,2006,10
H D SMITH WHOLESALE DRUG CO,SPRINGFIELD,IL,62703,SANGAMON,HYDROCODONE,2006,11
H D SMITH WHOLESALE DRUG CO,SPRINGFIELD,IL,62703,SANGAMON,HYDROCODONE,2007,420
H D SMITH WHOLESALE DRUG CO,SPRINGFIELD,IL,62703,SANGAMON,OXYCODONE,2007,41
H. D. SMITH WHOLESALE DRUG,LOUISVILLE,KY,40228,JEFFERSON,HYDROCODONE,2007,5389
H. D. SMITH WHOLESALE DRUG,LOUISVILLE,KY,40228,JEFFERSON,HYDROCODONE,2008,11889
H. D. SMITH WHOLESALE DRUG,LOUISVILLE,KY,40228,JEFFERSON,HYDROCODONE,2009,7017
H. D. SMITH WHOLESALE DRUG,LOUISVILLE,KY,40228,JEFFERSON,HYDROCODONE,2010,4320
H. D. SMITH WHOLESALE DRUG,LOUISVILLE,KY,40228,JEFFERSON,HYDROCODONE,2011,2169
H. D. SMITH WHOLESALE DRUG,LOUISVILLE,KY,40228,JEFFERSON,HYDROCODONE,2012,1011
H. D. SMITH WHOLESALE DRUG,LOUISVILLE,KY,40228,JEFFERSON,OXYCODONE,2007,1275
H. D. SMITH WHOLESALE DRUG,LOUISVILLE,KY,40228,JEFFERSON,OXYCODONE,2008,5669
H. D. SMITH WHOLESALE DRUG,LOUISVILLE,KY,40228,JEFFERSON,OXYCODONE,2009,11215
H. D. SMITH WHOLESALE DRUG,LOUISVILLE,KY,40228,JEFFERSON,OXYCODONE,2010,12463
H. D. SMITH WHOLESALE DRUG,LOUISVILLE,KY,40228,JEFFERSON,OXYCODONE,2011,7386
H. D. SMITH WHOLESALE DRUG,LOUISVILLE,KY,40228,JEFFERSON,OXYCODONE,2012,2533
HAWTHORN PHARMACEUTICALS INC,MADISON,MS,39110,MADISON,HYDROCODONE,2006,680
HAWTHORN PHARMACEUTICALS INC,MADISON,MS,39110,MADISON,HYDROCODONE,2007,1280
HAWTHORN PHARMACEUTICALS INC,MADISON,MS,39110,MADISON,HYDROCODONE,2009,4550
HAWTHORN PHARMACEUTICALS INC,MADISON,MS,39110,MADISON,HYDROCODONE,2010,7430
HAWTHORN PHARMACEUTICALS INC,MADISON,MS,39110,MADISON,HYDROCODONE,2011,2150
HAWTHORN PHARMACEUTICALS INC,MADISON,MS,39110,MADISON,HYDROCODONE,2012,7130
HBC SERVICE COMPANY,WASHINGTON,PA,15301,WASHINGTON,HYDROCODONE,2009,187
HBC SERVICE COMPANY,WASHINGTON,PA,15301,WASHINGTON,HYDROCODONE,2010,1171
HBC SERVICE COMPANY,WASHINGTON,PA,15301,WASHINGTON,HYDROCODONE,2011,1261
HBC SERVICE COMPANY,WASHINGTON,PA,15301,WASHINGTON,HYDROCODONE,2012,1215
HEARTLAND REPACK SERVICES,TOLEDO,OH,43615,LUCAS,HYDROCODONE,2006,497
HENRY SCHEIN ANIMAL HEALTH,COLUMBUS,OH,43204,FRANKLIN,HYDROCODONE,2010,63
HENRY SCHEIN ANIMAL HEALTH,COLUMBUS,OH,43204,FRANKLIN,HYDROCODONE,2011,126
HENRY SCHEIN ANIMAL HEALTH,COLUMBUS,OH,43204,FRANKLIN,HYDROCODONE,2012,156
HENRY SCHEIN ANIMAL HEALTH,ELIZABETHTOWN,PA,17022,LANCASTER,HYDROCODONE,2010,3
HENRY SCHEIN ANIMAL HEALTH,ELIZABETHTOWN,PA,17022,LANCASTER,HYDROCODONE,2011,14
HENRY SCHEIN ANIMAL HEALTH,ELIZABETHTOWN,PA,17022,LANCASTER,HYDROCODONE,2012,1
HENRY SCHEIN INC,DENVER,PA,17517,LANCASTER,HYDROCODONE,2006,186
HENRY SCHEIN INC,DENVER,PA,17517,LANCASTER,HYDROCODONE,2007,96
HENRY SCHEIN INC,DENVER,PA,17517,LANCASTER,HYDROCODONE,2008,115
HENRY SCHEIN INC,DENVER,PA,17517,LANCASTER,HYDROCODONE,2009,114
HENRY SCHEIN INC,DENVER,PA,17517,LANCASTER,HYDROCODONE,2010,33
HENRY SCHEIN INC,DENVER,PA,17517,LANCASTER,HYDROCODONE,2011,13
HENRY SCHEIN INC,DENVER,PA,17517,LANCASTER,HYDROCODONE,2012,3
HENRY SCHEIN INC,GRAPEVINE,TX,76051,TARRANT,HYDROCODONE,2008,1
HENRY SCHEIN INC,INDIANAPOLIS,IN,46268,MARION,HYDROCODONE,2006,93
HENRY SCHEIN INC,INDIANAPOLIS,IN,46268,MARION,HYDROCODONE,2007,88
HENRY SCHEIN INC,INDIANAPOLIS,IN,46268,MARION,HYDROCODONE,2008,96
HENRY SCHEIN INC,INDIANAPOLIS,IN,46268,MARION,HYDROCODONE,2009,114
HENRY SCHEIN INC,INDIANAPOLIS,IN,46268,MARION,HYDROCODONE,2010,56
HENRY SCHEIN INC,INDIANAPOLIS,IN,46268,MARION,HYDROCODONE,2011,49
HENRY SCHEIN INC,INDIANAPOLIS,IN,46268,MARION,HYDROCODONE,2012,44
HENRY SCHEIN INC,INDIANAPOLIS,IN,46268,MARION,OXYCODONE,2006,8
HENRY SCHEIN INC,INDIANAPOLIS,IN,46268,MARION,OXYCODONE,2007,4
HENRY SCHEIN INC,INDIANAPOLIS,IN,46268,MARION,OXYCODONE,2008,12
HENRY SCHEIN INC,JACKSONVILLE,FL,32219,DUVAL,HYDROCODONE,2007,3
HENRY SCHEIN INC,JACKSONVILLE,FL,32219,DUVAL,HYDROCODONE,2008,1
HENRY SCHEIN INC,JACKSONVILLE,FL,32219,DUVAL,HYDROCODONE,2009,5
HENRY SCHEIN INC,JACKSONVILLE,FL,32219,DUVAL,HYDROCODONE,2012,1
HENRY SCHEIN INC,SPARKS,NV,89434,WASHOE,HYDROCODONE,2006,3
HENRY SCHEIN INC,SPARKS,NV,89434,WASHOE,HYDROCODONE,2007,1
HENRY SCHEIN INC,SPARKS,NV,89434,WASHOE,HYDROCODONE,2008,7
HENRY SCHEIN INC,SPARKS,NV,89434,WASHOE,HYDROCODONE,2009,2
HENRY SCHEIN INC,SPARKS,NV,89434,WASHOE,HYDROCODONE,2010,1
HENRY SCHEIN INC,SPARKS,NV,89434,WASHOE,HYDROCODONE,2012,1
KEYSOURCE MEDICAL,CINCINNATI,OH,45249,HAMILTON,HYDROCODONE,2006,63
KEYSOURCE MEDICAL,CINCINNATI,OH,45249,HAMILTON,HYDROCODONE,2007,87
KEYSOURCE MEDICAL,CINCINNATI,OH,45249,HAMILTON,HYDROCODONE,2008,618
KEYSOURCE MEDICAL,CINCINNATI,OH,45249,HAMILTON,HYDROCODONE,2009,963
KEYSOURCE MEDICAL,CINCINNATI,OH,45249,HAMILTON,HYDROCODONE,2010,1341
KEYSOURCE MEDICAL,CINCINNATI,OH,45249,HAMILTON,HYDROCODONE,2011,470
KEYSOURCE MEDICAL,CINCINNATI,OH,45249,HAMILTON,OXYCODONE,2007,18
KEYSOURCE MEDICAL,CINCINNATI,OH,45249,HAMILTON,OXYCODONE,2008,186
KEYSOURCE MEDICAL,CINCINNATI,OH,45249,HAMILTON,OXYCODONE,2009,3429
KEYSOURCE MEDICAL,CINCINNATI,OH,45249,HAMILTON,OXYCODONE,2010,4151
KEYSOURCE MEDICAL,CINCINNATI,OH,45249,HAMILTON,OXYCODONE,2011,1043
KINRAY INC,WHITESTONE,NY,11357,QUEENS,HYDROCODONE,2007,45
KINRAY INC,WHITESTONE,NY,11357,QUEENS,HYDROCODONE,2008,32
KROGER LIMITED PARTNERSHIP I,CLEVELAND,TN,37311,BRADLEY,HYDROCODONE,2006,25827
KROGER LIMITED PARTNERSHIP I,CLEVELAND,TN,37311,BRADLEY,HYDROCODONE,2007,29233
KROGER LIMITED PARTNERSHIP I,CLEVELAND,TN,37311,BRADLEY,HYDROCODONE,2008,26489
KROGER LIMITED PARTNERSHIP I,CLEVELAND,TN,37311,BRADLEY,HYDROCODONE,2009,6965
KROGER LIMITED PARTNERSHIP I,CLEVELAND,TN,37311,BRADLEY,HYDROCODONE,2010,6729
KROGER LIMITED PARTNERSHIP I,CLEVELAND,TN,37311,BRADLEY,HYDROCODONE,2011,7312
KROGER LIMITED PARTNERSHIP I,CLEVELAND,TN,37311,BRADLEY,HYDROCODONE,2012,5479
KROGER LIMITED PARTNERSHIP II,BLUFFTON,IN,46714,WELLS,HYDROCODONE,2006,3191
KROGER LIMITED PARTNERSHIP II,BLUFFTON,IN,46714,WELLS,HYDROCODONE,2007,3684
KROGER LIMITED PARTNERSHIP II,BLUFFTON,IN,46714,WELLS,HYDROCODONE,2008,10394
KROGER LIMITED PARTNERSHIP II,BLUFFTON,IN,46714,WELLS,HYDROCODONE,2009,31089
KROGER LIMITED PARTNERSHIP II,BLUFFTON,IN,46714,WELLS,HYDROCODONE,2010,30066
KROGER LIMITED PARTNERSHIP II,BLUFFTON,IN,46714,WELLS,HYDROCODONE,2011,30136
KROGER LIMITED PARTNERSHIP II,BLUFFTON,IN,46714,WELLS,HYDROCODONE,2012,28479
LAKE ERIE MEDICAL,HOLLAND,OH,43528,LUCAS,HYDROCODONE,2012,6
MASTERS PHARMACEUTICAL INC,CINCINNATI,OH,45240,HAMILTON,HYDROCODONE,2006,7
MASTERS PHARMACEUTICAL INC,CINCINNATI,OH,45240,HAMILTON,HYDROCODONE,2007,75
MASTERS PHARMACEUTICAL INC,CINCINNATI,OH,45240,HAMILTON,HYDROCODONE,2008,454
MASTERS PHARMACEUTICAL INC,CINCINNATI,OH,45240,HAMILTON,HYDROCODONE,2009,729
MASTERS PHARMACEUTICAL INC,CINCINNATI,OH,45240,HAMILTON,HYDROCODONE,2010,565
MASTERS PHARMACEUTICAL INC,CINCINNATI,OH,45240,HAMILTON,HYDROCODONE,2011,1237
MASTERS PHARMACEUTICAL INC,CINCINNATI,OH,45240,HAMILTON,HYDROCODONE,2012,338
MASTERS PHARMACEUTICAL INC,CINCINNATI,OH,45240,HAMILTON,OXYCODONE,2008,708
MASTERS PHARMACEUTICAL INC,CINCINNATI,OH,45240,HAMILTON,OXYCODONE,2009,3030
MASTERS PHARMACEUTICAL INC,CINCINNATI,OH,45240,HAMILTON,OXYCODONE,2010,1740
MASTERS PHARMACEUTICAL INC,CINCINNATI,OH,45240,HAMILTON,OXYCODONE,2011,1945
MASTERS PHARMACEUTICAL INC,CINCINNATI,OH,45240,HAMILTON,OXYCODONE,2012,741
MCKESSON CORPORATION,AURORA,IL,60502,DUPAGE,HYDROCODONE,2012,9
MCKESSON CORPORATION,DULUTH,GA,30096,GWINNETT,HYDROCODONE,2011,7
MCKESSON CORPORATION,DULUTH,GA,30096,GWINNETT,HYDROCODONE,2012,1
MCKESSON CORPORATION,EVERETT,WA,98204,SNOHOMISH,HYDROCODONE,2012,6
MCKESSON CORPORATION,LANDOVER,MD,20785,PRINCE GEORGES,HYDROCODONE,2006,4277
MCKESSON CORPORATION,LANDOVER,MD,20785,PRINCE GEORGES,HYDROCODONE,2007,4744
MCKESSON CORPORATION,LANDOVER,MD,20785,PRINCE GEORGES,HYDROCODONE,2008,5560
MCKESSON CORPORATION,LANDOVER,MD,20785,PRINCE GEORGES,HYDROCODONE,2009,5685
MCKESSON CORPORATION,LANDOVER,MD,20785,PRINCE GEORGES,HYDROCODONE,2010,5941
MCKESSON CORPORATION,LANDOVER,MD,20785,PRINCE GEORGES,HYDROCODONE,2011,5524
MCKESSON CORPORATION,LANDOVER,MD,20785,PRINCE GEORGES,HYDROCODONE,2012,583
MCKESSON CORPORATION,LANDOVER,MD,20785,PRINCE GEORGES,OXYCODONE,2006,8041
MCKESSON CORPORATION,LANDOVER,MD,20785,PRINCE GEORGES,OXYCODONE,2007,11199
MCKESSON CORPORATION,LANDOVER,MD,20785,PRINCE GEORGES,OXYCODONE,2008,15081
MCKESSON CORPORATION,LANDOVER,MD,20785,PRINCE GEORGES,OXYCODONE,2009,15692
MCKESSON CORPORATION,LANDOVER,MD,20785,PRINCE GEORGES,OXYCODONE,2010,13622
MCKESSON CORPORATION,LANDOVER,MD,20785,PRINCE GEORGES,OXYCODONE,2011,15662
MCKESSON CORPORATION,LANDOVER,MD,20785,PRINCE GEORGES,OXYCODONE,2012,1158
MCKESSON CORPORATION,LIVONIA,MI,48150,WAYNE,HYDROCODONE,2012,5
MCKESSON CORPORATION,MEMPHIS,TN,38141,SHELBY,HYDROCODONE,2012,7
MCKESSON CORPORATION,MEMPHIS,TN,38141,SHELBY,OXYCODONE,2010,2
MCKESSON CORPORATION,MEMPHIS,TN,38141,SHELBY,OXYCODONE,2011,3
MCKESSON CORPORATION,MEMPHIS,TN,38141,SHELBY,OXYCODONE,2012,2
MCKESSON CORPORATION,NEW CASTLE,PA,16101,LAWRENCE,HYDROCODONE,2006,5823
MCKESSON CORPORATION,NEW CASTLE,PA,16101,LAWRENCE,HYDROCODONE,2007,6204
MCKESSON CORPORATION,NEW CASTLE,PA,16101,LAWRENCE,HYDROCODONE,2008,7614
MCKESSON CORPORATION,NEW CASTLE,PA,16101,LAWRENCE,HYDROCODONE,2009,7969
MCKESSON CORPORATION,NEW CASTLE,PA,16101,LAWRENCE,HYDROCODONE,2010,6529
MCKESSON CORPORATION,NEW CASTLE,PA,16101,LAWRENCE,HYDROCODONE,2011,8169
MCKESSON CORPORATION,NEW CASTLE,PA,16101,LAWRENCE,HYDROCODONE,2012,10354
MCKESSON CORPORATION,NEW CASTLE,PA,16101,LAWRENCE,OXYCODONE,2006,15467
MCKESSON CORPORATION,NEW CASTLE,PA,16101,LAWRENCE,OXYCODONE,2007,18668
MCKESSON CORPORATION,NEW CASTLE,PA,16101,LAWRENCE,OXYCODONE,2008,20977
MCKESSON CORPORATION,NEW CASTLE,PA,16101,LAWRENCE,OXYCODONE,2009,21901
MCKESSON CORPORATION,NEW CASTLE,PA,16101,LAWRENCE,OXYCODONE,2010,22822
MCKESSON CORPORATION,NEW CASTLE,PA,16101,LAWRENCE,OXYCODONE,2011,24158
MCKESSON CORPORATION,NEW CASTLE,PA,16101,LAWRENCE,OXYCODONE,2012,27465
MCKESSON CORPORATION,ROCKY HILL,CT,6067,HARTFORD,HYDROCODONE,2011,44
MCKESSON CORPORATION,RUTHER GLEN,VA,22546,CAROLINE,HYDROCODONE,2012,3240
MCKESSON CORPORATION,RUTHER GLEN,VA,22546,CAROLINE,OXYCODONE,2012,10451
MCKESSON CORPORATION,WASHINGTON CT HOUSE,OH,43160,FAYETTE,HYDROCODONE,2006,24206
MCKESSON CORPORATION,WASHINGTON CT HOUSE,OH,43160,FAYETTE,HYDROCODONE,2007,27981
MCKESSON CORPORATION,WASHINGTON CT HOUSE,OH,43160,FAYETTE,HYDROCODONE,2008,19646
MCKESSON CORPORATION,WASHINGTON CT HOUSE,OH,43160,FAYETTE,HYDROCODONE,2009,21463
MCKESSON CORPORATION,WASHINGTON CT HOUSE,OH,43160,FAYETTE,HYDROCODONE,2010,21146
MCKESSON CORPORATION,WASHINGTON CT HOUSE,OH,43160,FAYETTE,HYDROCODONE,2011,28401
MCKESSON CORPORATION,WASHINGTON CT HOUSE,OH,43160,FAYETTE,HYDROCODONE,2012,32337
MCKESSON CORPORATION,WASHINGTON CT HOUSE,OH,43160,FAYETTE,OXYCODONE,2006,28173
MCKESSON CORPORATION,WASHINGTON CT HOUSE,OH,43160,FAYETTE,OXYCODONE,2007,37196
MCKESSON CORPORATION,WASHINGTON CT HOUSE,OH,43160,FAYETTE,OXYCODONE,2008,41777
MCKESSON CORPORATION,WASHINGTON CT HOUSE,OH,43160,FAYETTE,OXYCODONE,2009,40512
MCKESSON CORPORATION,WASHINGTON CT HOUSE,OH,43160,FAYETTE,OXYCODONE,2010,42356
MCKESSON CORPORATION,WASHINGTON CT HOUSE,OH,43160,FAYETTE,OXYCODONE,2011,51120
MCKESSON CORPORATION,WASHINGTON CT HOUSE,OH,43160,FAYETTE,OXYCODONE,2012,58433
MCKESSON CORPORATION,WEST SACRAMENTO,CA,95691,YOLO,HYDROCODONE,2011,5
MCKESSON CORPORATION,WEST SACRAMENTO,CA,95691,YOLO,HYDROCODONE,2012,14
MCKESSON CORPORATION,WILSONVILLE,OR,97070,CLACKAMAS,HYDROCODONE,2012,2
MCKESSON PACKAGING SERVICES,CONCORD,NC,28027,CABARRUS,HYDROCODONE,2007,1
MCKESSON SPECIALTY CARE DISTRIBUTION CORPORATION,LA VERGNE,TN,37086,RUTHERFORD,HYDROCODONE,2008,1
MIAMI-LUKEN,SPRINGBORO,OH,45066,WARREN,HYDROCODONE,2006,5393
MIAMI-LUKEN,SPRINGBORO,OH,45066,WARREN,HYDROCODONE,2007,7069
MIAMI-LUKEN,SPRINGBORO,OH,45066,WARREN,HYDROCODONE,2008,10417
MIAMI-LUKEN,SPRINGBORO,OH,45066,WARREN,HYDROCODONE,2009,11008
MIAMI-LUKEN,SPRINGBORO,OH,45066,WARREN,HYDROCODONE,2010,7358
MIAMI-LUKEN,SPRINGBORO,OH,45066,WARREN,HYDROCODONE,2011,8129
MIAMI-LUKEN,SPRINGBORO,OH,45066,WARREN,HYDROCODONE,2012,6052
MIAMI-LUKEN,SPRINGBORO,OH,45066,WARREN,OXYCODONE,2006,5994
MIAMI-LUKEN,SPRINGBORO,OH,45066,WARREN,OXYCODONE,2007,8358
MIAMI-LUKEN,SPRINGBORO,OH,45066,WARREN,OXYCODONE,2008,9981
MIAMI-LUKEN,SPRINGBORO,OH,45066,WARREN,OXYCODONE,2009,9579
MIAMI-LUKEN,SPRINGBORO,OH,45066,WARREN,OXYCODONE,2010,10688
MIAMI-LUKEN,SPRINGBORO,OH,45066,WARREN,OXYCODONE,2011,15077
MIAMI-LUKEN,SPRINGBORO,OH,45066,WARREN,OXYCODONE,2012,20753
MIDWEST VETERINARY SUPPLY INC,SUN PRAIRIE,WI,53590,DANE,HYDROCODONE,2006,36
MIDWEST VETERINARY SUPPLY INC,SUN PRAIRIE,WI,53590,DANE,HYDROCODONE,2007,30
MIDWEST VETERINARY SUPPLY INC,SUN PRAIRIE,WI,53590,DANE,HYDROCODONE,2008,1
MIDWEST VETERINARY SUPPLY INC,SUN PRAIRIE,WI,53590,DANE,HYDROCODONE,2009,5
MIDWEST VETERINARY SUPPLY INC,SUN PRAIRIE,WI,53590,DANE,HYDROCODONE,2010,18
MIDWEST VETERINARY SUPPLY INC,SUN PRAIRIE,WI,53590,DANE,HYDROCODONE,2011,31
MIDWEST VETERINARY SUPPLY INC,SUN PRAIRIE,WI,53590,DANE,HYDROCODONE,2012,39
MOORE MEDICAL LLC,JACKSONVILLE,FL,32219,DUVAL,HYDROCODONE,2006,3
MOORE MEDICAL LLC,JACKSONVILLE,FL,32219,DUVAL,HYDROCODONE,2007,3
MOORE MEDICAL LLC,JACKSONVILLE,FL,32219,DUVAL,HYDROCODONE,2009,2
MOORE MEDICAL LLC,JACKSONVILLE,FL,32219,DUVAL,HYDROCODONE,2010,10
MOORE MEDICAL LLC,JACKSONVILLE,FL,32219,DUVAL,HYDROCODONE,2011,16
MOORE MEDICAL LLC,JACKSONVILLE,FL,32219,DUVAL,HYDROCODONE,2012,20
MOORE MEDICAL LLC,NEW BRITAIN,CT,6051,HARTFORD,HYDROCODONE,2006,44
MOORE MEDICAL LLC,NEW BRITAIN,CT,6051,HARTFORD,HYDROCODONE,2007,71
MOORE MEDICAL LLC,NEW BRITAIN,CT,6051,HARTFORD,HYDROCODONE,2008,2
MOORE MEDICAL LLC,NEW BRITAIN,CT,6051,HARTFORD,HYDROCODONE,2009,22
MOORE MEDICAL LLC,NEW BRITAIN,CT,6051,HARTFORD,HYDROCODONE,2010,18
MOORE MEDICAL LLC,NEW BRITAIN,CT,6051,HARTFORD,HYDROCODONE,2011,13
MOORE MEDICAL LLC,NEW BRITAIN,CT,6051,HARTFORD,HYDROCODONE,2012,15
MURFREESBORO PHARMACEUTICAL,MURFREESBORO,TN,37129,RUTHERFORD,HYDROCODONE,2012,198
MWI VETERINARY SUPPLY,ATLANTA,GA,30336,FULTON,HYDROCODONE,2006,1
MWI VETERINARY SUPPLY CO,EDWARDSVILLE,KS,66111,WYANDOTTE,HYDROCODONE,2010,2
MWI VETERINARY SUPPLY CO,EDWARDSVILLE,KS,66111,WYANDOTTE,HYDROCODONE,2011,6
MWI VETERINARY SUPPLY CO,EDWARDSVILLE,KS,66111,WYANDOTTE,HYDROCODONE,2012,8
MWI VETERINARY SUPPLY CO,ELIZABETHTOWN,PA,17022,LANCASTER,HYDROCODONE,2006,1
MWI VETERINARY SUPPLY CO,ELIZABETHTOWN,PA,17022,LANCASTER,HYDROCODONE,2007,17
MWI VETERINARY SUPPLY CO,ELIZABETHTOWN,PA,17022,LANCASTER,HYDROCODONE,2009,11
MWI VETERINARY SUPPLY CO,ELIZABETHTOWN,PA,17022,LANCASTER,HYDROCODONE,2010,19
MWI VETERINARY SUPPLY CO,ELIZABETHTOWN,PA,17022,LANCASTER,HYDROCODONE,2011,17
MWI VETERINARY SUPPLY CO,ELIZABETHTOWN,PA,17022,LANCASTER,HYDROCODONE,2012,25
MWI VETERINARY SUPPLY CO,WHITESTOWN,IN,46075,BOONE,HYDROCODONE,2009,3
MWI VETERINARY SUPPLY CO,WHITESTOWN,IN,46075,BOONE,HYDROCODONE,2010,8
MWI VETERINARY SUPPLY CO,WHITESTOWN,IN,46075,BOONE,HYDROCODONE,2011,19
MWI VETERINARY SUPPLY CO,WHITESTOWN,IN,46075,BOONE,HYDROCODONE,2012,22
NATIONAL LOGISTICS SERVICES,OKLAHOMA CITY,OK,73127,OKLAHOMA,HYDROCODONE,2008,1
NATIONAL LOGISTICS SERVICES,PITTSBURGH,PA,15239,ALLEGHENY,HYDROCODONE,2006,27
NATIONAL LOGISTICS SERVICES,PITTSBURGH,PA,15239,ALLEGHENY,HYDROCODONE,2007,2
NATIONAL LOGISTICS SERVICES,PITTSBURGH,PA,15239,ALLEGHENY,HYDROCODONE,2008,10
NATIONAL LOGISTICS SERVICES,PITTSBURGH,PA,15239,ALLEGHENY,HYDROCODONE,2009,19
NATIONAL LOGISTICS SERVICES,PITTSBURGH,PA,15239,ALLEGHENY,HYDROCODONE,2010,1
OMNICARE DISTRIBUTION CENTER LLC,TOLEDO,OH,43615,LUCAS,HYDROCODONE,2006,854
OMNICARE DISTRIBUTION CENTER LLC,TOLEDO,OH,43615,LUCAS,HYDROCODONE,2007,1300
OMNICARE DISTRIBUTION CENTER LLC,TOLEDO,OH,43615,LUCAS,HYDROCODONE,2008,1779
OMNICARE DISTRIBUTION CENTER LLC,TOLEDO,OH,43615,LUCAS,HYDROCODONE,2009,1985
OMNICARE DISTRIBUTION CENTER LLC,TOLEDO,OH,43615,LUCAS,HYDROCODONE,2010,2197
OMNICARE DISTRIBUTION CENTER LLC,TOLEDO,OH,43615,LUCAS,HYDROCODONE,2011,2518
OMNICARE DISTRIBUTION CENTER LLC,TOLEDO,OH,43615,LUCAS,HYDROCODONE,2012,2363
OMNICARE DISTRIBUTION CENTER LLC,TOLEDO,OH,43615,LUCAS,OXYCODONE,2006,64
OMNICARE DISTRIBUTION CENTER LLC,TOLEDO,OH,43615,LUCAS,OXYCODONE,2007,526
OMNICARE DISTRIBUTION CENTER LLC,TOLEDO,OH,43615,LUCAS,OXYCODONE,2008,1060
OMNICARE DISTRIBUTION CENTER LLC,TOLEDO,OH,43615,LUCAS,OXYCODONE,2009,997
OMNICARE DISTRIBUTION CENTER LLC,TOLEDO,OH,43615,LUCAS,OXYCODONE,2010,1528
OMNICARE DISTRIBUTION CENTER LLC,TOLEDO,OH,43615,LUCAS,OXYCODONE,2011,2070
OMNICARE DISTRIBUTION CENTER LLC,TOLEDO,OH,43615,LUCAS,OXYCODONE,2012,2465
PATTERSON LOGISTICS SERVICES,MOUNT JOY,PA,17552,LANCASTER,HYDROCODONE,2010,70
PATTERSON LOGISTICS SERVICES,MOUNT JOY,PA,17552,LANCASTER,HYDROCODONE,2011,119
PATTERSON LOGISTICS SERVICES,MOUNT JOY,PA,17552,LANCASTER,HYDROCODONE,2012,98
PATTERSON LOGISTICS SERVICES INC,BLYTHEWOOD,SC,29016,RICHLAND,HYDROCODONE,2010,12
PATTERSON LOGISTICS SERVICES INC,BLYTHEWOOD,SC,29016,RICHLAND,HYDROCODONE,2011,40
PATTERSON LOGISTICS SERVICES INC,BLYTHEWOOD,SC,29016,RICHLAND,HYDROCODONE,2012,11
PATTERSON LOGISTICS SERVICES INC,KENT,WA,98032,KING,HYDROCODONE,2011,3
PATTERSON LOGISTICS SERVICES INC,KENT,WA,98032,KING,HYDROCODONE,2012,1
PATTERSON LOGISTICS SERVICES INC.,BOONE,IA,50036,BOONE,HYDROCODONE,2011,2
PATTERSON LOGISTICS SERVICES INC.,SOUTH BEND,IN,46628,ST JOSEPH,HYDROCODONE,2011,3
PATTERSON LOGISTICS SERVICES INC.,SOUTH BEND,IN,46628,ST JOSEPH,HYDROCODONE,2012,2
PATTERSON VETERINARY SUPPLY INC,COLUMBUS,OH,43207,FRANKLIN,HYDROCODONE,2010,53
PATTERSON VETERINARY SUPPLY INC,COLUMBUS,OH,43207,FRANKLIN,HYDROCODONE,2011,28
PATTERSON VETERINARY SUPPLY INC.,DEVENS,MA,1434,MIDDLESEX,HYDROCODONE,2006,25
PATTERSON VETERINARY SUPPLY INC.,DEVENS,MA,1434,MIDDLESEX,HYDROCODONE,2007,23
PATTERSON VETERINARY SUPPLY INC.,DEVENS,MA,1434,MIDDLESEX,HYDROCODONE,2008,3
PD-RX PHARMACEUTICALS INC,OKLAHOMA CITY,OK,73127,OKLAHOMA,HYDROCODONE,2010,1150
PD-RX PHARMACEUTICALS INC,OKLAHOMA CITY,OK,73127,OKLAHOMA,HYDROCODONE,2011,2060
PD-RX PHARMACEUTICALS INC,OKLAHOMA CITY,OK,73127,OKLAHOMA,HYDROCODONE,2012,320
PENN VETERINARY SUPPLY,LANCASTER,PA,17601,LANCASTER,HYDROCODONE,2006,8
PENN VETERINARY SUPPLY,LANCASTER,PA,17601,LANCASTER,HYDROCODONE,2007,14
PENN VETERINARY SUPPLY,LANCASTER,PA,17601,LANCASTER,HYDROCODONE,2011,2
PENN VETERINARY SUPPLY,LANCASTER,PA,17601,LANCASTER,HYDROCODONE,2012,1
PHOENIX PHARMACEUTICAL,SAINT JOSEPH,MO,64507,BUCHANAN,HYDROCODONE,2009,1
PHYSICIANS PHARMACEUTICAL CORP,KNOXVILLE,TN,37932,KNOX,OXYCODONE,2009,4
PRESCRIPTION CONTAINERS INC,SECAUCUS,NJ,7094,HUDSON,HYDROCODONE,2006,10
PRESCRIPTION CONTAINERS INC,SECAUCUS,NJ,7094,HUDSON,HYDROCODONE,2012,1
PRESCRIPTION SUPPLY INC,NORTHWOOD,OH,43619,WOOD,HYDROCODONE,2009,6
PRESCRIPTION SUPPLY INC,NORTHWOOD,OH,43619,WOOD,HYDROCODONE,2012,53
PRIORITY HEALTHCARE DISTRIBUTION,GROVE CITY,OH,43123,FRANKLIN,HYDROCODONE,2006,3
PRIORITY HEALTHCARE DISTRIBUTION,GROVE CITY,OH,43123,FRANKLIN,HYDROCODONE,2007,4
PRIORITY HEALTHCARE DISTRIBUTION,GROVE CITY,OH,43123,FRANKLIN,HYDROCODONE,2008,6
PRIORITY HEALTHCARE DISTRIBUTION,GROVE CITY,OH,43123,FRANKLIN,HYDROCODONE,2009,7
PRIORITY HEALTHCARE DISTRIBUTION,GROVE CITY,OH,43123,FRANKLIN,HYDROCODONE,2010,7
PRIORITY HEALTHCARE DISTRIBUTION,GROVE CITY,OH,43123,FRANKLIN,HYDROCODONE,2011,7
PRIORITY HEALTHCARE DISTRIBUTION,GROVE CITY,OH,43123,FRANKLIN,HYDROCODONE,2012,3
PRIORITY HEALTHCARE DISTRIBUTION,GROVE CITY,OH,43123,FRANKLIN,OXYCODONE,2009,2
PRIORITY HEALTHCARE DISTRIBUTION,GROVE CITY,OH,43123,FRANKLIN,OXYCODONE,2010,1
PRIORITY HEALTHCARE DISTRIBUTION,GROVE CITY,OH,43123,FRANKLIN,OXYCODONE,2011,1
PRIORITY HEALTHCARE DISTRIBUTION,GROVE CITY,OH,43123,FRANKLIN,OXYCODONE,2012,5
PROFESSIONAL VET PRODUCTS,OMAHA,NE,68138,SARPY,HYDROCODONE,2006,23
PROFESSIONAL VETERINARY,YORK,PA,17406,YORK,HYDROCODONE,2006,3
PROFESSIONAL VETERINARY,YORK,PA,17406,YORK,HYDROCODONE,2007,14
PROFESSIONAL VETERINARY,YORK,PA,17406,YORK,HYDROCODONE,2008,5
PROFESSIONAL VETERINARY,YORK,PA,17406,YORK,HYDROCODONE,2009,3
PROFESSIONAL VETERINARY,YORK,PA,17406,YORK,HYDROCODONE,2010,5
PSS WORLD MEDICAL INC,WEST COLUMBIA,SC,29169,LEXINGTON,HYDROCODONE,2007,2
PSS WORLD MEDICAL INC,WEST COLUMBIA,SC,29169,LEXINGTON,HYDROCODONE,2008,1
PSS WORLD MEDICAL INC,WEST COLUMBIA,SC,29169,LEXINGTON,HYDROCODONE,2009,1
PSS WORLD MEDICAL INC,WEST COLUMBIA,SC,29169,LEXINGTON,HYDROCODONE,2011,1
PSS WORLD MEDICAL INC,WEST COLUMBIA,SC,29169,LEXINGTON,HYDROCODONE,2012,2
QUALITEST PHARMACEUTICALS,HUNTSVILLE,AL,35811,MADISON,HYDROCODONE,2006,625
QUALITEST PHARMACEUTICALS,HUNTSVILLE,AL,35811,MADISON,HYDROCODONE,2007,240
QUALITEST PHARMACEUTICALS,HUNTSVILLE,AL,35811,MADISON,OXYCODONE,2006,6
QUEST PHARMACEUTICALS INC,MURRAY,KY,42071,CALLOWAY,HYDROCODONE,2006,735
QUEST PHARMACEUTICALS INC,MURRAY,KY,42071,CALLOWAY,HYDROCODONE,2007,148
QUEST PHARMACEUTICALS INC,MURRAY,KY,42071,CALLOWAY,HYDROCODONE,2008,1139
QUEST PHARMACEUTICALS INC,MURRAY,KY,42071,CALLOWAY,HYDROCODONE,2009,172
QUEST PHARMACEUTICALS INC,MURRAY,KY,42071,CALLOWAY,HYDROCODONE,2010,155
QUEST PHARMACEUTICALS INC,MURRAY,KY,42071,CALLOWAY,HYDROCODONE,2011,169
QUEST PHARMACEUTICALS INC,MURRAY,KY,42071,CALLOWAY,HYDROCODONE,2012,44
QUEST PHARMACEUTICALS INC,MURRAY,KY,42071,CALLOWAY,OXYCODONE,2006,158
QUEST PHARMACEUTICALS INC,MURRAY,KY,42071,CALLOWAY,OXYCODONE,2007,9
QUEST PHARMACEUTICALS INC,MURRAY,KY,42071,CALLOWAY,OXYCODONE,2010,576
QUEST PHARMACEUTICALS INC,MURRAY,KY,42071,CALLOWAY,OXYCODONE,2011,134
RDC,NEW CASTLE,PA,16105,LAWRENCE,HYDROCODONE,2006,11
RICHIE PHARMACAL CO INC,GLASGOW,KY,42141,BARREN,HYDROCODONE,2006,76
RICHIE PHARMACAL CO INC,GLASGOW,KY,42141,BARREN,HYDROCODONE,2007,22
RICHIE PHARMACAL LLC,GLASGOW,KY,42141,BARREN,HYDROCODONE,2007,14
RICHIE PHARMACAL LLC,GLASGOW,KY,42141,BARREN,HYDROCODONE,2008,609
RICHIE PHARMACAL LLC,GLASGOW,KY,42141,BARREN,HYDROCODONE,2009,73
RICHIE PHARMACAL LLC,GLASGOW,KY,42141,BARREN,HYDROCODONE,2010,94
RICHIE PHARMACAL LLC,GLASGOW,KY,42141,BARREN,HYDROCODONE,2011,206
RICHIE PHARMACAL LLC,GLASGOW,KY,42141,BARREN,HYDROCODONE,2012,121
RITE AID MID-ATLANTIC,ABERDEEN,MD,21001,HARFORD,HYDROCODONE,2006,85559
RITE AID MID-ATLANTIC,ABERDEEN,MD,21001,HARFORD,HYDROCODONE,2007,102386
RITE AID MID-ATLANTIC,ABERDEEN,MD,21001,HARFORD,HYDROCODONE,2008,109452
RITE AID MID-ATLANTIC,ABERDEEN,MD,21001,HARFORD,HYDROCODONE,2009,110077
RITE AID MID-ATLANTIC,ABERDEEN,MD,21001,HARFORD,HYDROCODONE,2010,109708
RITE AID MID-ATLANTIC,ABERDEEN,MD,21001,HARFORD,HYDROCODONE,2011,101003
RITE AID MID-ATLANTIC,ABERDEEN,MD,21001,HARFORD,HYDROCODONE,2012,99243
ROCHESTER DRUG CO-OPERATIVE INC,ROCHESTER,NY,14624,MONROE,HYDROCODONE,2006,2
ROCHESTER DRUG CO-OPERATIVE INC,ROCHESTER,NY,14624,MONROE,HYDROCODONE,2007,7
ROCHESTER DRUG CO-OPERATIVE INC,ROCHESTER,NY,14624,MONROE,OXYCODONE,2007,24
SAJ DISTRIBUTORS,PINE BLUFF,AR,71603,JEFFERSON,HYDROCODONE,2006,341
SAJ DISTRIBUTORS,PINE BLUFF,AR,71603,JEFFERSON,HYDROCODONE,2007,451
SAJ DISTRIBUTORS,PINE BLUFF,AR,71603,JEFFERSON,HYDROCODONE,2008,390
SAJ DISTRIBUTORS,PINE BLUFF,AR,71603,JEFFERSON,HYDROCODONE,2009,391
SAJ DISTRIBUTORS,PINE BLUFF,AR,71603,JEFFERSON,HYDROCODONE,2010,344
SAJ DISTRIBUTORS,PINE BLUFF,AR,71603,JEFFERSON,HYDROCODONE,2011,413
SAJ DISTRIBUTORS,PINE BLUFF,AR,71603,JEFFERSON,HYDROCODONE,2012,323
SEACOAST MEDICAL LLC,OMAHA,NE,68138,SARPY,HYDROCODONE,2006,3
SEACOAST MEDICAL LLC,OMAHA,NE,68138,SARPY,HYDROCODONE,2007,2
SEACOAST MEDICAL LLC,OMAHA,NE,68138,SARPY,HYDROCODONE,2009,2
SEACOAST MEDICAL LLC,OMAHA,NE,68138,SARPY,HYDROCODONE,2010,1
SMITH DRUG COMPANY,PARAGOULD,AR,72450,GREENE,HYDROCODONE,2006,1
SMITH DRUG COMPANY,PARAGOULD,AR,72450,GREENE,HYDROCODONE,2007,1
SMITH DRUG COMPANY,SPARTANBURG,SC,29301,SPARTANBURG,HYDROCODONE,2006,6
SMITH DRUG COMPANY,SPARTANBURG,SC,29301,SPARTANBURG,HYDROCODONE,2007,2
SMITH DRUG COMPANY,SPARTANBURG,SC,29301,SPARTANBURG,HYDROCODONE,2011,17
SMITH DRUG COMPANY,SPARTANBURG,SC,29301,SPARTANBURG,HYDROCODONE,2012,1361
SMITH DRUG COMPANY,SPARTANBURG,SC,29301,SPARTANBURG,OXYCODONE,2011,83
SMITH DRUG COMPANY,SPARTANBURG,SC,29301,SPARTANBURG,OXYCODONE,2012,2592
STAT RX USA LLC,GAINESVILLE,GA,30501,HALL,HYDROCODONE,2011,40
THE HARVARD DRUG GROUP,INDIANAPOLIS,IN,46268,MARION,HYDROCODONE,2011,493
THE HARVARD DRUG GROUP,INDIANAPOLIS,IN,46268,MARION,HYDROCODONE,2012,220
THE HARVARD DRUG GROUP,INDIANAPOLIS,IN,46268,MARION,OXYCODONE,2011,1
THE HARVARD DRUG GROUP-MI,LIVONIA,MI,48150,WAYNE,HYDROCODONE,2006,1482
THE HARVARD DRUG GROUP-MI,LIVONIA,MI,48150,WAYNE,HYDROCODONE,2007,1445
THE HARVARD DRUG GROUP-MI,LIVONIA,MI,48150,WAYNE,HYDROCODONE,2008,2989
THE HARVARD DRUG GROUP-MI,LIVONIA,MI,48150,WAYNE,HYDROCODONE,2009,3435
THE HARVARD DRUG GROUP-MI,LIVONIA,MI,48150,WAYNE,HYDROCODONE,2010,1122
THE HARVARD DRUG GROUP-MI,LIVONIA,MI,48150,WAYNE,HYDROCODONE,2011,163
THE HARVARD DRUG GROUP-MI,LIVONIA,MI,48150,WAYNE,HYDROCODONE,2012,247
THE HARVARD DRUG GROUP-MI,LIVONIA,MI,48150,WAYNE,OXYCODONE,2008,33
THE HARVARD DRUG GROUP-MI,LIVONIA,MI,48150,WAYNE,OXYCODONE,2009,169
THE HARVARD DRUG GROUP-MI,LIVONIA,MI,48150,WAYNE,OXYCODONE,2010,18
THE RX EXCHANGE INC.,ATLANTA,GA,30339,FULTON,HYDROCODONE,2010,1
TOP RX INC.,BARTLETT,TN,38133,SHELBY,HYDROCODONE,2006,924
TOP RX INC.,BARTLETT,TN,38133,SHELBY,HYDROCODONE,2007,792
TOP RX INC.,BARTLETT,TN,38133,SHELBY,HYDROCODONE,2008,697
TOP RX INC.,BARTLETT,TN,38133,SHELBY,HYDROCODONE,2009,1035
TOP RX INC.,BARTLETT,TN,38133,SHELBY,HYDROCODONE,2010,446
TOP RX INC.,BARTLETT,TN,38133,SHELBY,HYDROCODONE,2011,524
TOP RX INC.,BARTLETT,TN,38133,SHELBY,HYDROCODONE,2012,270
TOP RX INC.,BARTLETT,TN,38133,SHELBY,OXYCODONE,2010,14
TOP RX INC.,BARTLETT,TN,38133,SHELBY,OXYCODONE,2011,39
TOP RX INC.,BARTLETT,TN,38133,SHELBY,OXYCODONE,2012,107
VALUE DRUG CO,ALTOONA,PA,16601,BLAIR,HYDROCODONE,2006,232
VALUE DRUG CO,ALTOONA,PA,16601,BLAIR,HYDROCODONE,2007,439
VALUE DRUG CO,ALTOONA,PA,16601,BLAIR,HYDROCODONE,2008,792
VALUE DRUG CO,ALTOONA,PA,16601,BLAIR,HYDROCODONE,2009,913
VALUE DRUG CO,ALTOONA,PA,16601,BLAIR,HYDROCODONE,2010,1211
VALUE DRUG CO,ALTOONA,PA,16601,BLAIR,HYDROCODONE,2011,1483
VALUE DRUG CO,ALTOONA,PA,16601,BLAIR,HYDROCODONE,2012,1280
VALUE DRUG CO,ALTOONA,PA,16601,BLAIR,OXYCODONE,2006,346
VALUE DRUG CO,ALTOONA,PA,16601,BLAIR,OXYCODONE,2007,836
VALUE DRUG CO,ALTOONA,PA,16601,BLAIR,OXYCODONE,2008,1215
VALUE DRUG CO,ALTOONA,PA,16601,BLAIR,OXYCODONE,2009,1784
VALUE DRUG CO,ALTOONA,PA,16601,BLAIR,OXYCODONE,2010,2068
VALUE DRUG CO,ALTOONA,PA,16601,BLAIR,OXYCODONE,2011,1956
VALUE DRUG CO,ALTOONA,PA,16601,BLAIR,OXYCODONE,2012,2582
VICTOR INSTRUMENTS INC,IRVINE,CA,92618,ORANGE,HYDROCODONE,2006,19
VICTOR INSTRUMENTS INC,IRVINE,CA,92618,ORANGE,HYDROCODONE,2007,14
VITA RX CORP,COLUMBUS,GA,31909,MUSCOGEE,HYDROCODONE,2010,3
VITA RX CORP,COLUMBUS,GA,31909,MUSCOGEE,HYDROCODONE,2012,2
WAL-MART PHARMACY WAREHOUSE,CRAWFORDSVILLE,IN,47933,MONTGOMERY,HYDROCODONE,2006,5639
WAL-MART PHARMACY WAREHOUSE,CRAWFORDSVILLE,IN,47933,MONTGOMERY,HYDROCODONE,2007,2464
WAL-MART PHARMACY WAREHOUSE,CRAWFORDSVILLE,IN,47933,MONTGOMERY,HYDROCODONE,2009,378
WAL-MART PHARMACY WHSE #45,ROGERS,AR,72756,BENTON,OXYCODONE,2006,16128
WAL-MART PHARMACY WHSE #45,ROGERS,AR,72756,BENTON,OXYCODONE,2007,19825
WAL-MART PHARMACY WHSE #45,ROGERS,AR,72756,BENTON,OXYCODONE,2008,22619
WAL-MART PHARMACY WHSE #45,ROGERS,AR,72756,BENTON,OXYCODONE,2009,21606
WAL-MART PHARMACY WHSE #45,ROGERS,AR,72756,BENTON,OXYCODONE,2010,20814
WAL-MART PHARMACY WHSE #45,ROGERS,AR,72756,BENTON,OXYCODONE,2011,19736
WAL-MART PHARMACY WHSE #45,ROGERS,AR,72756,BENTON,OXYCODONE,2012,20362
WAL-MART PHCY WAREHOUSE #46,WILLIAMSPORT,MD,21795,WASHINGTON,HYDROCODONE,2006,36420
WAL-MART PHCY WAREHOUSE #46,WILLIAMSPORT,MD,21795,WASHINGTON,HYDROCODONE,2007,45857
WAL-MART PHCY WAREHOUSE #46,WILLIAMSPORT,MD,21795,WASHINGTON,HYDROCODONE,2008,55261
WAL-MART PHCY WAREHOUSE #46,WILLIAMSPORT,MD,21795,WASHINGTON,HYDROCODONE,2009,56151
WAL-MART PHCY WAREHOUSE #46,WILLIAMSPORT,MD,21795,WASHINGTON,HYDROCODONE,2010,59945
WAL-MART PHCY WAREHOUSE #46,WILLIAMSPORT,MD,21795,WASHINGTON,HYDROCODONE,2011,59313
WAL-MART PHCY WAREHOUSE #46,WILLIAMSPORT,MD,21795,WASHINGTON,HYDROCODONE,2012,49357
WALGREEN CO,JUPITER,FL,33478,PALM BEACH,OXYCODONE,2006,205
WALGREEN CO,JUPITER,FL,33478,PALM BEACH,OXYCODONE,2007,172
WALGREEN CO,JUPITER,FL,33478,PALM BEACH,OXYCODONE,2008,961
WALGREEN CO,JUPITER,FL,33478,PALM BEACH,OXYCODONE,2009,1909
WALGREEN CO,PERRYSBURG,OH,43551,WOOD,HYDROCODONE,2006,280
WALGREEN CO,PERRYSBURG,OH,43551,WOOD,HYDROCODONE,2007,889
WALGREEN CO,PERRYSBURG,OH,43551,WOOD,HYDROCODONE,2008,1954
WALGREEN CO,PERRYSBURG,OH,43551,WOOD,HYDROCODONE,2009,635
WALGREEN CO,PERRYSBURG,OH,43551,WOOD,HYDROCODONE,2012,34
WALGREEN CO,PERRYSBURG,OH,43551,WOOD,OXYCODONE,2007,571
WALGREEN CO,PERRYSBURG,OH,43551,WOOD,OXYCODONE,2008,1559
WALGREEN CO,PERRYSBURG,OH,43551,WOOD,OXYCODONE,2009,4500
WALGREEN CO,PERRYSBURG,OH,43551,WOOD,OXYCODONE,2010,11339
WALGREEN CO,PERRYSBURG,OH,43551,WOOD,OXYCODONE,2011,18984
WALGREEN CO,PERRYSBURG,OH,43551,WOOD,OXYCODONE,2012,19776
WALGREEN EASTERN CO INC,BETHLEHEM,PA,18017,NORTHAMPTON,HYDROCODONE,2007,80
WALGREEN EASTERN CO INC,BETHLEHEM,PA,18017,NORTHAMPTON,HYDROCODONE,2008,606
WALGREEN EASTERN CO INC,BETHLEHEM,PA,18017,NORTHAMPTON,HYDROCODONE,2009,4671
WALGREEN EASTERN CO INC,BETHLEHEM,PA,18017,NORTHAMPTON,HYDROCODONE,2010,7626
WALGREEN EASTERN CO INC,BETHLEHEM,PA,18017,NORTHAMPTON,HYDROCODONE,2011,10025
WALGREEN EASTERN CO INC,BETHLEHEM,PA,18017,NORTHAMPTON,HYDROCODONE,2012,9625
