REPORTER_NAME,REPORTER_CITY,REPORTER_STATE,REPORTER_ZIP,County,DRUG_NAME,transaction year,Quantity,Dosage_Unit,Type
A F HAUSER INC,VALPARAISO,IN,46383,PORTER,HYDROCODONE,2006,1,0,Manufacturer
A F HAUSER INC,VALPARAISO,IN,46383,PORTER,HYDROCODONE,2007,1,0,Manufacturer
A F HAUSER INC,VALPARAISO,IN,46383,PORTER,HYDROCODONE,2009,4,0,Manufacturer
A F HAUSER INC,VALPARAISO,IN,46383,PORTER,HYDROCODONE,2010,6,0,Manufacturer
A F HAUSER INC,VALPARAISO,IN,46383,PORTER,HYDROCODONE,2011,4,0,Manufacturer
A F HAUSER INC,VALPARAISO,IN,46383,PORTER,HYDROCODONE,2012,6,0,Manufacturer
A-S MEDICATION SOLUTIONS LLC,LIBERTYVILLE,IL,60048,LAKE,HYDROCODONE,2009,81,0,Manufacturer
A-S MEDICATION SOLUTIONS LLC,LIBERTYVILLE,IL,60048,LAKE,HYDROCODONE,2010,121,0,Manufacturer
ACTAVIS PHARMA INC.,GURNEE,IL,60031,LAKE,HYDROCODONE,2008,2,0,Manufacturer
ACTAVIS PHARMA INC.,GURNEE,IL,60031,LAKE,HYDROCODONE,2012,2,0,Manufacturer
AL PHARMA,NIAGARA FALLS,NY,14305,NIAGARA,HYDROCODONE,2006,19,0,Manufacturer
ALLSCRIPTS LLC,LIBERTYVILLE,IL,60048,LAKE,HYDROCODONE,2006,42,0,Manufacturer
ALLSCRIPTS LLC,LIBERTYVILLE,IL,60048,LAKE,HYDROCODONE,2007,38,0,Manufacturer
ALLSCRIPTS LLC,LIBERTYVILLE,IL,60048,LAKE,HYDROCODONE,2008,24,0,Manufacturer
AMATHEON INC,MIAMI,FL,33155,MIAMI-DADE,HYDROCODONE,2008,3,0,Manufacturer
AMATHEON INC,MIAMI,FL,33155,MIAMI-DADE,HYDROCODONE,2010,1,0,Manufacturer
AMATHEON INC,MIAMI,FL,33155,MIAMI-DADE,HYDROCODONE,2012,8,0,Manufacturer
AMERICAN HEALTH SERVICE SALES,METTAWA,IL,60045,LAKE,HYDROCODONE,2007,1,0,Manufacturer
AMERICAN HEALTH SERVICE SALES,METTAWA,IL,60045,LAKE,HYDROCODONE,2009,2,0,Manufacturer
AMERICAN HEALTH SERVICE SALES,METTAWA,IL,60045,LAKE,HYDROCODONE,2012,1,0,Manufacturer
AMERICAN MEDICAL DISTRIB,NORTH AMITYVILLE,NY,11701,SUFFOLK,HYDROCODONE,2007,32,0,Manufacturer
AMERICAN MEDICAL DISTRIB,NORTH AMITYVILLE,NY,11701,SUFFOLK,HYDROCODONE,2008,10,0,Manufacturer
AMERICAN SALES COMPANY,BALTIMORE,MD,21244,BALTIMORE,HYDROCODONE,2006,1342,0,Manufacturer
AMERICAN SALES COMPANY,BALTIMORE,MD,21244,BALTIMORE,HYDROCODONE,2007,1161,0,Manufacturer
AMERICAN SALES COMPANY,BALTIMORE,MD,21244,BALTIMORE,HYDROCODONE,2008,1249,0,Manufacturer
AMERICAN SALES COMPANY,BALTIMORE,MD,21244,BALTIMORE,HYDROCODONE,2009,1404,0,Manufacturer
AMERICAN SALES COMPANY,BALTIMORE,MD,21244,BALTIMORE,HYDROCODONE,2010,1411,0,Manufacturer
AMERICAN SALES COMPANY,BALTIMORE,MD,21244,BALTIMORE,HYDROCODONE,2011,1490,0,Manufacturer
AMERICAN SALES COMPANY,BALTIMORE,MD,21244,BALTIMORE,HYDROCODONE,2012,1509,0,Manufacturer
AMERISOURCEBERGEN DRUG CORP,ANTIOCH,TN,37013,DAVIDSON,HYDROCODONE,2006,380,0,Manufacturer
AMERISOURCEBERGEN DRUG CORP,ANTIOCH,TN,37013,DAVIDSON,OXYCODONE,2006,440,0,Manufacturer
AMERISOURCEBERGEN DRUG CORP,GLEN ALLEN,VA,23059,HENRICO,HYDROCODONE,2006,13232,0,Manufacturer
AMERISOURCEBERGEN DRUG CORP,GLEN ALLEN,VA,23059,HENRICO,HYDROCODONE,2007,13324,0,Manufacturer
AMERISOURCEBERGEN DRUG CORP,GLEN ALLEN,VA,23059,HENRICO,HYDROCODONE,2008,12171,0,Manufacturer
AMERISOURCEBERGEN DRUG CORP,GLEN ALLEN,VA,23059,HENRICO,HYDROCODONE,2009,14124,0,Manufacturer
AMERISOURCEBERGEN DRUG CORP,GLEN ALLEN,VA,23059,HENRICO,HYDROCODONE,2010,12965,0,Manufacturer
AMERISOURCEBERGEN DRUG CORP,GLEN ALLEN,VA,23059,HENRICO,HYDROCODONE,2011,14416,0,Manufacturer
AMERISOURCEBERGEN DRUG CORP,GLEN ALLEN,VA,23059,HENRICO,HYDROCODONE,2012,13443,0,Manufacturer
AMERISOURCEBERGEN DRUG CORP,GLEN ALLEN,VA,23059,HENRICO,OXYCODONE,2006,10836,0,Manufacturer
AMERISOURCEBERGEN DRUG CORP,GLEN ALLEN,VA,23059,HENRICO,OXYCODONE,2007,11789,0,Manufacturer
AMERISOURCEBERGEN DRUG CORP,GLEN ALLEN,VA,23059,HENRICO,OXYCODONE,2008,11376,0,Manufacturer
AMERISOURCEBERGEN DRUG CORP,GLEN ALLEN,VA,23059,HENRICO,OXYCODONE,2009,12859,0,Manufacturer
AMERISOURCEBERGEN DRUG CORP,GLEN ALLEN,VA,23059,HENRICO,OXYCODONE,2010,19384,0,Manufacturer
AMERISOURCEBERGEN DRUG CORP,GLEN ALLEN,VA,23059,HENRICO,OXYCODONE,2011,32181,0,Manufacturer
AMERISOURCEBERGEN DRUG CORP,GLEN ALLEN,VA,23059,HENRICO,OXYCODONE,2012,44725,0,Manufacturer
AMERISOURCEBERGEN DRUG CORP,LOCKBOURNE,OH,43137,FRANKLIN,HYDROCODONE,2006,24709,0,Manufacturer
AMERISOURCEBERGEN DRUG CORP,LOCKBOURNE,OH,43137,FRANKLIN,HYDROCODONE,2007,28708,0,Manufacturer
AMERISOURCEBERGEN DRUG CORP,LOCKBOURNE,OH,43137,FRANKLIN,HYDROCODONE,2008,30589,0,Manufacturer
AMERISOURCEBERGEN DRUG CORP,LOCKBOURNE,OH,43137,FRANKLIN,HYDROCODONE,2009,28625,0,Manufacturer
AMERISOURCEBERGEN DRUG CORP,LOCKBOURNE,OH,43137,FRANKLIN,HYDROCODONE,2010,13933,0,Manufacturer
AMERISOURCEBERGEN DRUG CORP,LOCKBOURNE,OH,43137,FRANKLIN,HYDROCODONE,2011,16406,0,Manufacturer
AMERISOURCEBERGEN DRUG CORP,LOCKBOURNE,OH,43137,FRANKLIN,HYDROCODONE,2012,17509,0,Manufacturer
AMERISOURCEBERGEN DRUG CORP,LOCKBOURNE,OH,43137,FRANKLIN,OXYCODONE,2006,23640,0,Manufacturer
AMERISOURCEBERGEN DRUG CORP,LOCKBOURNE,OH,43137,FRANKLIN,OXYCODONE,2007,28641,0,Manufacturer
AMERISOURCEBERGEN DRUG CORP,LOCKBOURNE,OH,43137,FRANKLIN,OXYCODONE,2008,34704,0,Manufacturer
AMERISOURCEBERGEN DRUG CORP,LOCKBOURNE,OH,43137,FRANKLIN,OXYCODONE,2009,37965,0,Manufacturer
AMERISOURCEBERGEN DRUG CORP,LOCKBOURNE,OH,43137,FRANKLIN,OXYCODONE,2010,27849,0,Manufacturer
AMERISOURCEBERGEN DRUG CORP,LOCKBOURNE,OH,43137,FRANKLIN,OXYCODONE,2011,35975,0,Manufacturer
AMERISOURCEBERGEN DRUG CORP,LOCKBOURNE,OH,43137,FRANKLIN,OXYCODONE,2012,39791,0,Manufacturer
AMERISOURCEBERGEN DRUG CORP,NORTH AMITYVILLE,NY,11701,SUFFOLK,HYDROCODONE,2008,37,0,Manufacturer
AMERISOURCEBERGEN DRUG CORP,NORTH AMITYVILLE,NY,11701,SUFFOLK,HYDROCODONE,2009,332,0,Manufacturer
AMERISOURCEBERGEN DRUG CORP,NORTH AMITYVILLE,NY,11701,SUFFOLK,HYDROCODONE,2010,197,0,Manufacturer
AMERISOURCEBERGEN DRUG CORP,NORTH AMITYVILLE,NY,11701,SUFFOLK,HYDROCODONE,2011,150,0,Manufacturer
AMERISOURCEBERGEN DRUG CORP,NORTH AMITYVILLE,NY,11701,SUFFOLK,HYDROCODONE,2012,119,0,Manufacturer
AMERISOURCEBERGEN DRUG CORP,NORTH AMITYVILLE,NY,11701,SUFFOLK,OXYCODONE,2008,103,0,Manufacturer
AMERISOURCEBERGEN DRUG CORP,NORTH AMITYVILLE,NY,11701,SUFFOLK,OXYCODONE,2009,102,0,Manufacturer
AMERISOURCEBERGEN DRUG CORP,NORTH AMITYVILLE,NY,11701,SUFFOLK,OXYCODONE,2010,73,0,Manufacturer
AMERISOURCEBERGEN DRUG CORP,NORTH AMITYVILLE,NY,11701,SUFFOLK,OXYCODONE,2011,293,0,Manufacturer
AMERISOURCEBERGEN DRUG CORP,NORTH AMITYVILLE,NY,11701,SUFFOLK,OXYCODONE,2012,191,0,Manufacturer
ANDA INC,WESTON,FL,33331,BROWARD,HYDROCODONE,2006,2508,0,Manufacturer
ANDA INC,WESTON,FL,33331,BROWARD,HYDROCODONE,2007,2792,0,Manufacturer
ANDA INC,WESTON,FL,33331,BROWARD,HYDROCODONE,2008,2232,0,Manufacturer
ANDA INC,WESTON,FL,33331,BROWARD,HYDROCODONE,2009,2398,0,Manufacturer
ANDA INC,WESTON,FL,33331,BROWARD,HYDROCODONE,2010,1485,0,Manufacturer
ANDA INC,WESTON,FL,33331,BROWARD,HYDROCODONE,2011,1239,0,Manufacturer
ANDA INC,WESTON,FL,33331,BROWARD,HYDROCODONE,2012,1385,0,Manufacturer
ANDA INC,WESTON,FL,33331,BROWARD,OXYCODONE,2006,2968,0,Manufacturer
ANDA INC,WESTON,FL,33331,BROWARD,OXYCODONE,2007,987,0,Manufacturer
ANDA INC,WESTON,FL,33331,BROWARD,OXYCODONE,2008,123,0,Manufacturer
ANDA INC,WESTON,FL,33331,BROWARD,OXYCODONE,2009,399,0,Manufacturer
ANDA INC,WESTON,FL,33331,BROWARD,OXYCODONE,2012,2,0,Manufacturer
ANDA PHARMACEUTICALS INC,GROVEPORT,OH,43125,FRANKLIN,HYDROCODONE,2006,4773,0,Manufacturer
ANDA PHARMACEUTICALS INC,GROVEPORT,OH,43125,FRANKLIN,HYDROCODONE,2007,3335,0,Manufacturer
ANDA PHARMACEUTICALS INC,GROVEPORT,OH,43125,FRANKLIN,HYDROCODONE,2008,3717,0,Manufacturer
ANDA PHARMACEUTICALS INC,GROVEPORT,OH,43125,FRANKLIN,HYDROCODONE,2009,5776,0,Manufacturer
ANDA PHARMACEUTICALS INC,GROVEPORT,OH,43125,FRANKLIN,HYDROCODONE,2010,3700,0,Manufacturer
ANDA PHARMACEUTICALS INC,GROVEPORT,OH,43125,FRANKLIN,HYDROCODONE,2011,3114,0,Manufacturer
ANDA PHARMACEUTICALS INC,GROVEPORT,OH,43125,FRANKLIN,HYDROCODONE,2012,1226,0,Manufacturer
ANDA PHARMACEUTICALS INC,GROVEPORT,OH,43125,FRANKLIN,OXYCODONE,2006,8099,0,Manufacturer
ANDA PHARMACEUTICALS INC,GROVEPORT,OH,43125,FRANKLIN,OXYCODONE,2007,8553,0,Manufacturer
ANDA PHARMACEUTICALS INC,GROVEPORT,OH,43125,FRANKLIN,OXYCODONE,2008,10146,0,Manufacturer
ANDA PHARMACEUTICALS INC,GROVEPORT,OH,43125,FRANKLIN,OXYCODONE,2009,13574,0,Manufacturer
ANDA PHARMACEUTICALS INC,GROVEPORT,OH,43125,FRANKLIN,OXYCODONE,2010,11735,0,Manufacturer
ANDA PHARMACEUTICALS INC,GROVEPORT,OH,43125,FRANKLIN,OXYCODONE,2011,8041,0,Manufacturer
ANDA PHARMACEUTICALS INC,GROVEPORT,OH,43125,FRANKLIN,OXYCODONE,2012,5428,0,Manufacturer
ASD SPECIALTY HEALTHCARE LLC,BROOKS,KY,40109,BULLITT,HYDROCODONE,2007,1,0,Manufacturer
ASD SPECIALTY HEALTHCARE LLC,BROOKS,KY,40109,BULLITT,HYDROCODONE,2008,4,0,Manufacturer
ASD SPECIALTY HEALTHCARE LLC,BROOKS,KY,40109,BULLITT,HYDROCODONE,2011,2,0,Manufacturer
ASD SPECIALTY HEALTHCARE LLC,BROOKS,KY,40109,BULLITT,HYDROCODONE,2012,1,0,Manufacturer
ASSOCIATED PHARMACIES INC,SCOTTSBORO,AL,35769,JACKSON,HYDROCODONE,2006,2,0,Manufacturer
ASSOCIATED PHARMACIES INC,SCOTTSBORO,AL,35769,JACKSON,HYDROCODONE,2007,858,0,Manufacturer
ASSOCIATED PHARMACIES INC,SCOTTSBORO,AL,35769,JACKSON,HYDROCODONE,2008,1181,0,Manufacturer
ASSOCIATED PHARMACIES INC,SCOTTSBORO,AL,35769,JACKSON,HYDROCODONE,2009,1588,0,Manufacturer
ASSOCIATED PHARMACIES INC,SCOTTSBORO,AL,35769,JACKSON,HYDROCODONE,2010,1548,0,Manufacturer
ASSOCIATED PHARMACIES INC,SCOTTSBORO,AL,35769,JACKSON,HYDROCODONE,2011,1660,0,Manufacturer
ASSOCIATED PHARMACIES INC,SCOTTSBORO,AL,35769,JACKSON,HYDROCODONE,2012,1043,0,Manufacturer
ASSOCIATED PHARMACIES INC,SCOTTSBORO,AL,35769,JACKSON,OXYCODONE,2010,27,0,Manufacturer
ASSOCIATED PHARMACIES INC,SCOTTSBORO,AL,35769,JACKSON,OXYCODONE,2011,911,0,Manufacturer
ASSOCIATED PHARMACIES INC,SCOTTSBORO,AL,35769,JACKSON,OXYCODONE,2012,1385,0,Manufacturer
AUBURN PHARMACEUTICAL,TROY,MI,48083,OAKLAND,HYDROCODONE,2006,26,0,Manufacturer
AUBURN PHARMACEUTICAL,TROY,MI,48083,OAKLAND,HYDROCODONE,2007,1,0,Manufacturer
AUBURN PHARMACEUTICAL,TROY,MI,48083,OAKLAND,HYDROCODONE,2008,30,0,Manufacturer
AUBURN PHARMACEUTICAL,TROY,MI,48083,OAKLAND,HYDROCODONE,2009,44,0,Manufacturer
AUBURN PHARMACEUTICAL,TROY,MI,48083,OAKLAND,HYDROCODONE,2010,68,0,Manufacturer
AUBURN PHARMACEUTICAL,TROY,MI,48083,OAKLAND,HYDROCODONE,2011,64,0,Manufacturer
AUBURN PHARMACEUTICAL,TROY,MI,48083,OAKLAND,HYDROCODONE,2012,95,0,Manufacturer
AUBURN PHARMACEUTICAL,TROY,MI,48083,OAKLAND,OXYCODONE,2007,2,0,Manufacturer
AUBURN PHARMACEUTICAL,TROY,MI,48083,OAKLAND,OXYCODONE,2009,24,0,Manufacturer
AUBURN PHARMACEUTICAL,TROY,MI,48083,OAKLAND,OXYCODONE,2010,2,0,Manufacturer
AUBURN PHARMACEUTICAL,TROY,MI,48083,OAKLAND,OXYCODONE,2011,18,0,Manufacturer
BELLCO DRUG CORP,NORTH AMITYVILLE,NY,11701,SUFFOLK,HYDROCODONE,2006,26,0,Manufacturer
BELLCO DRUG CORP,NORTH AMITYVILLE,NY,11701,SUFFOLK,HYDROCODONE,2007,32,0,Manufacturer
BELLCO DRUG CORP,NORTH AMITYVILLE,NY,11701,SUFFOLK,OXYCODONE,2007,97,0,Manufacturer
BENCO DENTAL SUPPLY CO,PITTSTON,PA,18640,LUZERNE,HYDROCODONE,2008,21,0,Manufacturer
BENCO DENTAL SUPPLY CO,PITTSTON,PA,18640,LUZERNE,HYDROCODONE,2009,30,0,Manufacturer
BENCO DENTAL SUPPLY CO,PITTSTON,PA,18640,LUZERNE,HYDROCODONE,2010,48,0,Manufacturer
BENCO DENTAL SUPPLY CO,PITTSTON,PA,18640,LUZERNE,HYDROCODONE,2011,45,0,Manufacturer
BENCO DENTAL SUPPLY CO,PITTSTON,PA,18640,LUZERNE,HYDROCODONE,2012,2,0,Manufacturer
BLOODWORTH WHOLESALE DRUGS,TIFTON,GA,31793,TIFT,HYDROCODONE,2011,34,0,Manufacturer
BLOODWORTH WHOLESALE DRUGS,TIFTON,GA,31793,TIFT,HYDROCODONE,2012,367,0,Manufacturer
BURKE HORTON INC. D/B/A THE RX EXCHANGE,NORCROSS,GA,30093,GWINNETT,HYDROCODONE,2010,4,0,Manufacturer
BUTLER ANIMAL HEALTH SUPPLY,COLUMBUS,OH,43204,FRANKLIN,HYDROCODONE,2006,58,0,Manufacturer
BUTLER ANIMAL HEALTH SUPPLY,COLUMBUS,OH,43204,FRANKLIN,HYDROCODONE,2007,47,0,Manufacturer
BUTLER ANIMAL HEALTH SUPPLY,COLUMBUS,OH,43204,FRANKLIN,HYDROCODONE,2008,1,0,Manufacturer
BUTLER ANIMAL HEALTH SUPPLY,COLUMBUS,OH,43204,FRANKLIN,HYDROCODONE,2009,1,0,Manufacturer
BUTLER ANIMAL HEALTH SUPPLY,COLUMBUS,OH,43204,FRANKLIN,HYDROCODONE,2010,3,0,Manufacturer
BUTLER ANIMAL HEALTH SUPPLY,VISALIA,CA,93291,TULARE,HYDROCODONE,2007,1,0,Manufacturer
BUTLER SCHEIN ANIMAL HEALTH SUPPLY,PITTSBURGH,PA,15239,ALLEGHENY,HYDROCODONE,2010,2,0,Manufacturer
CAPITAL WHOLESALE DRUG & CO,GRANDVIEW HEIGHTS,OH,43212,FRANKLIN,HYDROCODONE,2011,2,0,Manufacturer
CAPITAL WHOLESALE DRUG & CO,GRANDVIEW HEIGHTS,OH,43212,FRANKLIN,HYDROCODONE,2012,47,0,Manufacturer
CAPITAL WHOLESALE DRUG & CO,GRANDVIEW HEIGHTS,OH,43212,FRANKLIN,OXYCODONE,2009,100,0,Manufacturer
CARDINAL HEALTH,MADISON,MS,39110,MADISON,HYDROCODONE,2007,1,0,Manufacturer
CARDINAL HEALTH,MADISON,MS,39110,MADISON,HYDROCODONE,2008,3,0,Manufacturer
CARDINAL HEALTH,MADISON,MS,39110,MADISON,HYDROCODONE,2009,3,0,Manufacturer
CARDINAL HEALTH,MADISON,MS,39110,MADISON,HYDROCODONE,2010,5,0,Manufacturer
CARDINAL HEALTH,MADISON,MS,39110,MADISON,HYDROCODONE,2011,9,0,Manufacturer
CARDINAL HEALTH,MADISON,MS,39110,MADISON,HYDROCODONE,2012,13,0,Manufacturer
CARDINAL HEALTH,MADISON,MS,39110,MADISON,OXYCODONE,2011,2,0,Manufacturer
CARDINAL HEALTH,MADISON,MS,39110,MADISON,OXYCODONE,2012,3,0,Manufacturer
CARDINAL HEALTH,WHEELING,WV,26003,OHIO,HYDROCODONE,2006,35945,0,Manufacturer
CARDINAL HEALTH,WHEELING,WV,26003,OHIO,HYDROCODONE,2007,43957,0,Manufacturer
CARDINAL HEALTH,WHEELING,WV,26003,OHIO,HYDROCODONE,2008,48603,0,Manufacturer
CARDINAL HEALTH,WHEELING,WV,26003,OHIO,HYDROCODONE,2009,51206,0,Manufacturer
CARDINAL HEALTH,WHEELING,WV,26003,OHIO,HYDROCODONE,2010,66786,0,Manufacturer
CARDINAL HEALTH,WHEELING,WV,26003,OHIO,HYDROCODONE,2011,65893,0,Manufacturer
CARDINAL HEALTH,WHEELING,WV,26003,OHIO,HYDROCODONE,2012,71511,0,Manufacturer
CARDINAL HEALTH,WHEELING,WV,26003,OHIO,OXYCODONE,2006,77003,0,Manufacturer
CARDINAL HEALTH,WHEELING,WV,26003,OHIO,OXYCODONE,2007,92326,0,Manufacturer
CARDINAL HEALTH,WHEELING,WV,26003,OHIO,OXYCODONE,2008,104437,0,Manufacturer
CARDINAL HEALTH,WHEELING,WV,26003,OHIO,OXYCODONE,2009,122121,0,Manufacturer
CARDINAL HEALTH,WHEELING,WV,26003,OHIO,OXYCODONE,2010,145016,0,Manufacturer
CARDINAL HEALTH,WHEELING,WV,26003,OHIO,OXYCODONE,2011,146770,0,Manufacturer
CARDINAL HEALTH,WHEELING,WV,26003,OHIO,OXYCODONE,2012,155953,0,Manufacturer
CARDINAL HEALTH 110 LLC,NIAGARA FALLS,NY,14305,NIAGARA,HYDROCODONE,2006,113,0,Manufacturer
CARDINAL HEALTH 110 LLC,NIAGARA FALLS,NY,14305,NIAGARA,HYDROCODONE,2007,183,0,Manufacturer
CARDINAL HEALTH 110 LLC,NIAGARA FALLS,NY,14305,NIAGARA,HYDROCODONE,2008,27,0,Manufacturer
CARDINAL HEALTH 110 LLC,NIAGARA FALLS,NY,14305,NIAGARA,HYDROCODONE,2009,12,0,Manufacturer
CARDINAL HEALTH 110 LLC,NIAGARA FALLS,NY,14305,NIAGARA,HYDROCODONE,2010,145,0,Manufacturer
CARDINAL HEALTH 110 LLC,NIAGARA FALLS,NY,14305,NIAGARA,HYDROCODONE,2011,243,0,Manufacturer
CARDINAL HEALTH 110 LLC,NIAGARA FALLS,NY,14305,NIAGARA,HYDROCODONE,2012,902,0,Manufacturer
CARDINAL HEALTH 110 LLC,NIAGARA FALLS,NY,14305,NIAGARA,OXYCODONE,2006,24,0,Manufacturer
CARDINAL HEALTH 110 LLC,NIAGARA FALLS,NY,14305,NIAGARA,OXYCODONE,2008,7,0,Manufacturer
CARDINAL HEALTH 110 LLC,NIAGARA FALLS,NY,14305,NIAGARA,OXYCODONE,2010,28,0,Manufacturer
CARDINAL HEALTH 110 LLC,NIAGARA FALLS,NY,14305,NIAGARA,OXYCODONE,2011,12,0,Manufacturer
CARDINAL HEALTH 110 LLC,NIAGARA FALLS,NY,14305,NIAGARA,OXYCODONE,2012,178,0,Manufacturer
CARDINAL HEALTH INC.,SIMPSONVILLE,KY,40067,SHELBY,HYDROCODONE,2006,3527,0,Manufacturer
CARDINAL HEALTH INC.,SIMPSONVILLE,KY,40067,SHELBY,OXYCODONE,2006,4964,0,Manufacturer
CEDARDALE DISTRIBUTORS LLC D/B/A GEN-SOURCE RX,CARLSTADT,NJ,7072,BERGEN,HYDROCODONE,2006,523,0,Manufacturer
CEDARDALE DISTRIBUTORS LLC D/B/A GEN-SOURCE RX,CARLSTADT,NJ,7072,BERGEN,HYDROCODONE,2007,303,0,Manufacturer
CEDARDALE DISTRIBUTORS LLC D/B/A GEN-SOURCE RX,CARLSTADT,NJ,7072,BERGEN,HYDROCODONE,2008,389,0,Manufacturer
CEDARDALE DISTRIBUTORS LLC D/B/A GEN-SOURCE RX,CARLSTADT,NJ,7072,BERGEN,HYDROCODONE,2009,386,0,Manufacturer
CEDARDALE DISTRIBUTORS LLC D/B/A GEN-SOURCE RX,CARLSTADT,NJ,7072,BERGEN,HYDROCODONE,2010,171,0,Manufacturer
CEDARDALE DISTRIBUTORS LLC D/B/A GEN-SOURCE RX,CARLSTADT,NJ,7072,BERGEN,HYDROCODONE,2011,245,0,Manufacturer
CEDARDALE DISTRIBUTORS LLC D/B/A GEN-SOURCE RX,CARLSTADT,NJ,7072,BERGEN,HYDROCODONE,2012,112,0,Manufacturer
COLUMBUS SERUM CO,COLUMBUS,OH,43207,FRANKLIN,HYDROCODONE,2006,110,0,Manufacturer
COLUMBUS SERUM CO,COLUMBUS,OH,43207,FRANKLIN,HYDROCODONE,2007,78,0,Manufacturer
COLUMBUS SERUM CO,COLUMBUS,OH,43207,FRANKLIN,HYDROCODONE,2008,1,0,Manufacturer
COLUMBUS SERUM CO,COLUMBUS,OH,43207,FRANKLIN,HYDROCODONE,2009,75,0,Manufacturer
COLUMBUS SERUM CO,COLUMBUS,OH,43207,FRANKLIN,HYDROCODONE,2010,23,0,Manufacturer
CVS INDIANA,INDIANAPOLIS,IN,46219,MARION,HYDROCODONE,2006,34057,0,Manufacturer
CVS INDIANA,INDIANAPOLIS,IN,46219,MARION,HYDROCODONE,2007,46976,0,Manufacturer
CVS INDIANA,INDIANAPOLIS,IN,46219,MARION,HYDROCODONE,2008,52337,0,Manufacturer
CVS INDIANA,INDIANAPOLIS,IN,46219,MARION,HYDROCODONE,2009,50148,0,Manufacturer
CVS INDIANA,INDIANAPOLIS,IN,46219,MARION,HYDROCODONE,2010,46691,0,Manufacturer
CVS INDIANA,INDIANAPOLIS,IN,46219,MARION,HYDROCODONE,2011,51221,0,Manufacturer
CVS INDIANA,INDIANAPOLIS,IN,46219,MARION,HYDROCODONE,2012,51428,0,Manufacturer
CVS TN DISTRIBUTION LLC,KNOXVILLE,TN,37922,KNOX,HYDROCODONE,2006,338,0,Manufacturer
CVS TN DISTRIBUTION LLC,KNOXVILLE,TN,37922,KNOX,HYDROCODONE,2009,827,0,Manufacturer
CVS TN DISTRIBUTION LLC,KNOXVILLE,TN,37922,KNOX,HYDROCODONE,2010,1855,0,Manufacturer
CVS TN DISTRIBUTION LLC,KNOXVILLE,TN,37922,KNOX,HYDROCODONE,2011,154,0,Manufacturer
D & H WHOLESALE MEDICAL,RUSTON,LA,71270,LINCOLN,HYDROCODONE,2009,1,0,Manufacturer
D & K HEALTHCARE RESOURCES,LEXINGTON,KY,40505,FAYETTE,HYDROCODONE,2006,1017,0,Manufacturer
D & K HEALTHCARE RESOURCES,LEXINGTON,KY,40505,FAYETTE,OXYCODONE,2006,487,0,Manufacturer
DARBY DENTAL SUPPLY LLC,MEMPHIS,TN,38118,SHELBY,HYDROCODONE,2006,27,0,Manufacturer
DARBY DENTAL SUPPLY LLC,MEMPHIS,TN,38118,SHELBY,HYDROCODONE,2007,47,0,Manufacturer
DARBY DENTAL SUPPLY LLC,MEMPHIS,TN,38118,SHELBY,HYDROCODONE,2008,47,0,Manufacturer
DARBY DENTAL SUPPLY LLC,MEMPHIS,TN,38118,SHELBY,HYDROCODONE,2009,28,0,Manufacturer
DARBY DENTAL SUPPLY LLC,MEMPHIS,TN,38118,SHELBY,HYDROCODONE,2010,1,0,Manufacturer
DARBY DENTAL SUPPLY LLC,MEMPHIS,TN,38118,SHELBY,HYDROCODONE,2011,1,0,Manufacturer
DARBY DENTAL SUPPLY LLC,MEMPHIS,TN,38118,SHELBY,HYDROCODONE,2012,2,0,Manufacturer
DIAMOND PHARMACY SERVICES,INDIANA,PA,15701,INDIANA,HYDROCODONE,2006,10,0,Manufacturer
DISPENSING SOLUTIONS,SANTA ANA,CA,92704,ORANGE,HYDROCODONE,2006,78,0,Manufacturer
DISPENSING SOLUTIONS,SANTA ANA,CA,92704,ORANGE,HYDROCODONE,2007,10,0,Manufacturer
DISPENSING SOLUTIONS,SANTA ANA,CA,92704,ORANGE,HYDROCODONE,2011,20,0,Manufacturer
DISPENSING SOLUTIONS,SANTA ANA,CA,92704,ORANGE,HYDROCODONE,2012,4044,0,Manufacturer
DISPENSING SOLUTIONS,SANTA ANA,CA,92704,ORANGE,OXYCODONE,2006,60,0,Manufacturer
DIT HEALTHCARE DISTRIBUTIO,WEST CHESTER,OH,45246,HAMILTON,HYDROCODONE,2008,27,0,Manufacturer
DIVERSIFIED HEALTH CARE,ROSWELL,GA,30076,FULTON,HYDROCODONE,2007,30,0,Manufacturer
DIVERSIFIED HEALTH CARE,ROSWELL,GA,30076,FULTON,OXYCODONE,2007,50,0,Manufacturer
DIXON-SHANE LLC,PHILADELPHIA,PA,19116,PHILADELPHIA,HYDROCODONE,2008,4,0,Manufacturer
DOHMEN LIFE SCIENCE SERVICES LLC,MEMPHIS,TN,38141,SHELBY,HYDROCODONE,2006,82,0,Manufacturer
DOHMEN LIFE SCIENCE SERVICES LLC,MEMPHIS,TN,38141,SHELBY,HYDROCODONE,2010,4,0,Manufacturer
DRX PHARMACEUTICAL CONSULTANTS INC.,LAKE FOREST,IL,60045,LAKE,HYDROCODONE,2006,210,0,Manufacturer
DRX PHARMACEUTICAL CONSULTANTS INC.,LAKE FOREST,IL,60045,LAKE,HYDROCODONE,2007,310,0,Manufacturer
DRX PHARMACEUTICAL CONSULTANTS INC.,LAKE FOREST,IL,60045,LAKE,HYDROCODONE,2008,180,0,Manufacturer
DRX PHARMACEUTICAL CONSULTANTS INC.,LAKE FOREST,IL,60045,LAKE,HYDROCODONE,2009,60,0,Manufacturer
DVM-RESOURCES,MEMPHIS,TN,38141,SHELBY,HYDROCODONE,2006,3,0,Manufacturer
ECKERD CORPORATION,LIVERPOOL,NY,13088,ONONDAGA,HYDROCODONE,2006,908,0,Manufacturer
ECKERD CORPORATION,LIVERPOOL,NY,13088,ONONDAGA,HYDROCODONE,2007,684,0,Manufacturer
ECKERD CORPORATION,LIVERPOOL,NY,13088,ONONDAGA,HYDROCODONE,2008,771,0,Manufacturer
ECKERD CORPORATION,LIVERPOOL,NY,13088,ONONDAGA,OXYCODONE,2006,1629,0,Manufacturer
ECKERD CORPORATION,LIVERPOOL,NY,13088,ONONDAGA,OXYCODONE,2007,672,0,Manufacturer
EXPERT-MED,ORMOND BEACH,FL,32174,VOLUSIA,HYDROCODONE,2006,119,0,Manufacturer
EXPERT-MED,ORMOND BEACH,FL,32174,VOLUSIA,HYDROCODONE,2007,59,0,Manufacturer
EXPERT-MED,ORMOND BEACH,FL,32174,VOLUSIA,OXYCODONE,2006,2088,0,Manufacturer
EXPERT-MED,ORMOND BEACH,FL,32174,VOLUSIA,OXYCODONE,2007,706,0,Manufacturer
EXPERT-MED INC,GREENVILLE,SC,29607,GREENVILLE,HYDROCODONE,2006,749,0,Manufacturer
EXPERT-MED INC,GREENVILLE,SC,29607,GREENVILLE,HYDROCODONE,2007,396,0,Manufacturer
FRUTH INC,POINT PLEASANT,WV,25550,MASON,HYDROCODONE,2009,61,0,Manufacturer
GENERAL INJECTABLES & VACCINESINC,BASTIAN,VA,24314,BLAND,HYDROCODONE,2006,45,0,Manufacturer
GENERAL INJECTABLES & VACCINESINC,BASTIAN,VA,24314,BLAND,HYDROCODONE,2007,69,0,Manufacturer
GENERAL INJECTABLES & VACCINESINC,BASTIAN,VA,24314,BLAND,HYDROCODONE,2008,80,0,Manufacturer
GENERAL INJECTABLES & VACCINESINC,BASTIAN,VA,24314,BLAND,HYDROCODONE,2009,17,0,Manufacturer
GENERICS BIDCO I LLC,HUNTSVILLE,AL,35811,MADISON,HYDROCODONE,2007,34,0,Manufacturer
GENERICS BIDCO I LLC,HUNTSVILLE,AL,35811,MADISON,HYDROCODONE,2008,231,0,Manufacturer
GENETCO  INC,RONKONKOMA,NY,11779,SUFFOLK,HYDROCODONE,2006,43,0,Manufacturer
GENETCO  INC,RONKONKOMA,NY,11779,SUFFOLK,HYDROCODONE,2007,49,0,Manufacturer
GENETCO  INC,RONKONKOMA,NY,11779,SUFFOLK,HYDROCODONE,2008,7,0,Manufacturer
GENETCO  INC,RONKONKOMA,NY,11779,SUFFOLK,HYDROCODONE,2009,9,0,Manufacturer
GENETCO  INC,RONKONKOMA,NY,11779,SUFFOLK,HYDROCODONE,2010,2,0,Manufacturer
GENETCO  INC,RONKONKOMA,NY,11779,SUFFOLK,HYDROCODONE,2012,49,0,Manufacturer
GOODWIN DRUG CO,WHEELING,WV,26003,OHIO,HYDROCODONE,2006,13,0,Manufacturer
GOODWIN DRUG CO,WHEELING,WV,26003,OHIO,HYDROCODONE,2007,9,0,Manufacturer
GOODWIN DRUG CO,WHEELING,WV,26003,OHIO,HYDROCODONE,2008,16,0,Manufacturer
GOODWIN DRUG CO,WHEELING,WV,26003,OHIO,HYDROCODONE,2009,13,0,Manufacturer
GOODWIN DRUG CO,WHEELING,WV,26003,OHIO,HYDROCODONE,2010,25,0,Manufacturer
GOODWIN DRUG CO,WHEELING,WV,26003,OHIO,HYDROCODONE,2011,3,0,Manufacturer
GOODWIN DRUG CO,WHEELING,WV,26003,OHIO,HYDROCODONE,2012,7,0,Manufacturer
GOODWIN DRUG CO,WHEELING,WV,26003,OHIO,OXYCODONE,2006,10,0,Manufacturer
H D SMITH WHOLESALE DRUG CO,SPRINGFIELD,IL,62703,SANGAMON,HYDROCODONE,2006,11,0,Manufacturer
H D SMITH WHOLESALE DRUG CO,SPRINGFIELD,IL,62703,SANGAMON,HYDROCODONE,2007,420,0,Manufacturer
H D SMITH WHOLESALE DRUG CO,SPRINGFIELD,IL,62703,SANGAMON,OXYCODONE,2007,41,0,Manufacturer
H. D. SMITH WHOLESALE DRUG,LOUISVILLE,KY,40228,JEFFERSON,HYDROCODONE,2007,5389,0,Manufacturer
H. D. SMITH WHOLESALE DRUG,LOUISVILLE,KY,40228,JEFFERSON,HYDROCODONE,2008,11889,0,Manufacturer
H. D. SMITH WHOLESALE DRUG,LOUISVILLE,KY,40228,JEFFERSON,HYDROCODONE,2009,7017,0,Manufacturer
H. D. SMITH WHOLESALE DRUG,LOUISVILLE,KY,40228,JEFFERSON,HYDROCODONE,2010,4320,0,Manufacturer
H. D. SMITH WHOLESALE DRUG,LOUISVILLE,KY,40228,JEFFERSON,HYDROCODONE,2011,2169,0,Manufacturer
H. D. SMITH WHOLESALE DRUG,LOUISVILLE,KY,40228,JEFFERSON,HYDROCODONE,2012,1011,0,Manufacturer
H. D. SMITH WHOLESALE DRUG,LOUISVILLE,KY,40228,JEFFERSON,OXYCODONE,2007,1275,0,Manufacturer
H. D. SMITH WHOLESALE DRUG,LOUISVILLE,KY,40228,JEFFERSON,OXYCODONE,2008,5669,0,Manufacturer
H. D. SMITH WHOLESALE DRUG,LOUISVILLE,KY,40228,JEFFERSON,OXYCODONE,2009,11215,0,Manufacturer
H. D. SMITH WHOLESALE DRUG,LOUISVILLE,KY,40228,JEFFERSON,OXYCODONE,2010,12463,0,Manufacturer
H. D. SMITH WHOLESALE DRUG,LOUISVILLE,KY,40228,JEFFERSON,OXYCODONE,2011,7386,0,Manufacturer
H. D. SMITH WHOLESALE DRUG,LOUISVILLE,KY,40228,JEFFERSON,OXYCODONE,2012,2533,0,Manufacturer
HAWTHORN PHARMACEUTICALS INC,MADISON,MS,39110,MADISON,HYDROCODONE,2006,680,0,Manufacturer
HAWTHORN PHARMACEUTICALS INC,MADISON,MS,39110,MADISON,HYDROCODONE,2007,1280,0,Manufacturer
HAWTHORN PHARMACEUTICALS INC,MADISON,MS,39110,MADISON,HYDROCODONE,2009,4550,0,Manufacturer
HAWTHORN PHARMACEUTICALS INC,MADISON,MS,39110,MADISON,HYDROCODONE,2010,7430,0,Manufacturer
HAWTHORN PHARMACEUTICALS INC,MADISON,MS,39110,MADISON,HYDROCODONE,2011,2150,0,Manufacturer
HAWTHORN PHARMACEUTICALS INC,MADISON,MS,39110,MADISON,HYDROCODONE,2012,7130,0,Manufacturer
HBC SERVICE COMPANY,WASHINGTON,PA,15301,WASHINGTON,HYDROCODONE,2009,187,0,Manufacturer
HBC SERVICE COMPANY,WASHINGTON,PA,15301,WASHINGTON,HYDROCODONE,2010,1171,0,Manufacturer
HBC SERVICE COMPANY,WASHINGTON,PA,15301,WASHINGTON,HYDROCODONE,2011,1261,0,Manufacturer
HBC SERVICE COMPANY,WASHINGTON,PA,15301,WASHINGTON,HYDROCODONE,2012,1215,0,Manufacturer
HEARTLAND REPACK SERVICES,TOLEDO,OH,43615,LUCAS,HYDROCODONE,2006,497,0,Manufacturer
HENRY SCHEIN ANIMAL HEALTH,COLUMBUS,OH,43204,FRANKLIN,HYDROCODONE,2010,63,0,Manufacturer
HENRY SCHEIN ANIMAL HEALTH,COLUMBUS,OH,43204,FRANKLIN,HYDROCODONE,2011,126,0,Manufacturer
HENRY SCHEIN ANIMAL HEALTH,COLUMBUS,OH,43204,FRANKLIN,HYDROCODONE,2012,156,0,Manufacturer
HENRY SCHEIN ANIMAL HEALTH,ELIZABETHTOWN,PA,17022,LANCASTER,HYDROCODONE,2010,3,0,Manufacturer
HENRY SCHEIN ANIMAL HEALTH,ELIZABETHTOWN,PA,17022,LANCASTER,HYDROCODONE,2011,14,0,Manufacturer
HENRY SCHEIN ANIMAL HEALTH,ELIZABETHTOWN,PA,17022,LANCASTER,HYDROCODONE,2012,1,0,Manufacturer
HENRY SCHEIN INC,DENVER,PA,17517,LANCASTER,HYDROCODONE,2006,186,0,Manufacturer
HENRY SCHEIN INC,DENVER,PA,17517,LANCASTER,HYDROCODONE,2007,96,0,Manufacturer
HENRY SCHEIN INC,DENVER,PA,17517,LANCASTER,HYDROCODONE,2008,115,0,Manufacturer
HENRY SCHEIN INC,DENVER,PA,17517,LANCASTER,HYDROCODONE,2009,114,0,Manufacturer
HENRY SCHEIN INC,DENVER,PA,17517,LANCASTER,HYDROCODONE,2010,33,0,Manufacturer
HENRY SCHEIN INC,DENVER,PA,17517,LANCASTER,HYDROCODONE,2011,13,0,Manufacturer
HENRY SCHEIN INC,DENVER,PA,17517,LANCASTER,HYDROCODONE,2012,3,0,Manufacturer
HENRY SCHEIN INC,GRAPEVINE,TX,76051,TARRANT,HYDROCODONE,2008,1,0,Manufacturer
HENRY SCHEIN INC,INDIANAPOLIS,IN,46268,MARION,HYDROCODONE,2006,93,0,Manufacturer
HENRY SCHEIN INC,INDIANAPOLIS,IN,46268,MARION,HYDROCODONE,2007,88,0,Manufacturer
HENRY SCHEIN INC,INDIANAPOLIS,IN,46268,MARION,HYDROCODONE,2008,96,0,Manufacturer
HENRY SCHEIN INC,INDIANAPOLIS,IN,46268,MARION,HYDROCODONE,2009,114,0,Manufacturer
HENRY SCHEIN INC,INDIANAPOLIS,IN,46268,MARION,HYDROCODONE,2010,56,0,Manufacturer
HENRY SCHEIN INC,INDIANAPOLIS,IN,46268,MARION,HYDROCODONE,2011,49,0,Manufacturer
HENRY SCHEIN INC,INDIANAPOLIS,IN,46268,MARION,HYDROCODONE,2012,44,0,Manufacturer
HENRY SCHEIN INC,INDIANAPOLIS,IN,46268,MARION,OXYCODONE,2006,8,0,Manufacturer
HENRY SCHEIN INC,INDIANAPOLIS,IN,46268,MARION,OXYCODONE,2007,4,0,Manufacturer
HENRY SCHEIN INC,INDIANAPOLIS,IN,46268,MARION,OXYCODONE,2008,12,0,Manufacturer
HENRY SCHEIN INC,JACKSONVILLE,FL,32219,DUVAL,HYDROCODONE,2007,3,0,Manufacturer
HENRY SCHEIN INC,JACKSONVILLE,FL,32219,DUVAL,HYDROCODONE,2008,1,0,Manufacturer
HENRY SCHEIN INC,JACKSONVILLE,FL,32219,DUVAL,HYDROCODONE,2009,5,0,Manufacturer
HENRY SCHEIN INC,JACKSONVILLE,FL,32219,DUVAL,HYDROCODONE,2012,1,0,Manufacturer
HENRY SCHEIN INC,SPARKS,NV,89434,WASHOE,HYDROCODONE,2006,3,0,Manufacturer
HENRY SCHEIN INC,SPARKS,NV,89434,WASHOE,HYDROCODONE,2007,1,0,Manufacturer
HENRY SCHEIN INC,SPARKS,NV,89434,WASHOE,HYDROCODONE,2008,7,0,Manufacturer
HENRY SCHEIN INC,SPARKS,NV,89434,WASHOE,HYDROCODONE,2009,2,0,Manufacturer
HENRY SCHEIN INC,SPARKS,NV,89434,WASHOE,HYDROCODONE,2010,1,0,Manufacturer
HENRY SCHEIN INC,SPARKS,NV,89434,WASHOE,HYDROCODONE,2012,1,0,Manufacturer
KEYSOURCE MEDICAL,CINCINNATI,OH,45249,HAMILTON,HYDROCODONE,2006,63,0,Manufacturer
KEYSOURCE MEDICAL,CINCINNATI,OH,45249,HAMILTON,HYDROCODONE,2007,87,0,Manufacturer
KEYSOURCE MEDICAL,CINCINNATI,OH,45249,HAMILTON,HYDROCODONE,2008,618,0,Manufacturer
KEYSOURCE MEDICAL,CINCINNATI,OH,45249,HAMILTON,HYDROCODONE,2009,963,0,Manufacturer
KEYSOURCE MEDICAL,CINCINNATI,OH,45249,HAMILTON,HYDROCODONE,2010,1341,0,Manufacturer
KEYSOURCE MEDICAL,CINCINNATI,OH,45249,HAMILTON,HYDROCODONE,2011,470,0,Manufacturer
KEYSOURCE MEDICAL,CINCINNATI,OH,45249,HAMILTON,OXYCODONE,2007,18,0,Manufacturer
KEYSOURCE MEDICAL,CINCINNATI,OH,45249,HAMILTON,OXYCODONE,2008,186,0,Manufacturer
KEYSOURCE MEDICAL,CINCINNATI,OH,45249,HAMILTON,OXYCODONE,2009,3429,0,Manufacturer
KEYSOURCE MEDICAL,CINCINNATI,OH,45249,HAMILTON,OXYCODONE,2010,4151,0,Manufacturer
KEYSOURCE MEDICAL,CINCINNATI,OH,45249,HAMILTON,OXYCODONE,2011,1043,0,Manufacturer
KINRAY INC,WHITESTONE,NY,11357,QUEENS,HYDROCODONE,2007,45,0,Manufacturer
KINRAY INC,WHITESTONE,NY,11357,QUEENS,HYDROCODONE,2008,32,0,Manufacturer
KROGER LIMITED PARTNERSHIP I,CLEVELAND,TN,37311,BRADLEY,HYDROCODONE,2006,25827,0,Manufacturer
KROGER LIMITED PARTNERSHIP I,CLEVELAND,TN,37311,BRADLEY,HYDROCODONE,2007,29233,0,Manufacturer
KROGER LIMITED PARTNERSHIP I,CLEVELAND,TN,37311,BRADLEY,HYDROCODONE,2008,26489,0,Manufacturer
KROGER LIMITED PARTNERSHIP I,CLEVELAND,TN,37311,BRADLEY,HYDROCODONE,2009,6965,0,Manufacturer
KROGER LIMITED PARTNERSHIP I,CLEVELAND,TN,37311,BRADLEY,HYDROCODONE,2010,6729,0,Manufacturer
KROGER LIMITED PARTNERSHIP I,CLEVELAND,TN,37311,BRADLEY,HYDROCODONE,2011,7312,0,Manufacturer
KROGER LIMITED PARTNERSHIP I,CLEVELAND,TN,37311,BRADLEY,HYDROCODONE,2012,5479,0,Manufacturer
KROGER LIMITED PARTNERSHIP II,BLUFFTON,IN,46714,WELLS,HYDROCODONE,2006,3191,0,Manufacturer
KROGER LIMITED PARTNERSHIP II,BLUFFTON,IN,46714,WELLS,HYDROCODONE,2007,3684,0,Manufacturer
KROGER LIMITED PARTNERSHIP II,BLUFFTON,IN,46714,WELLS,HYDROCODONE,2008,10394,0,Manufacturer
KROGER LIMITED PARTNERSHIP II,BLUFFTON,IN,46714,WELLS,HYDROCODONE,2009,31089,0,Manufacturer
KROGER LIMITED PARTNERSHIP II,BLUFFTON,IN,46714,WELLS,HYDROCODONE,2010,30066,0,Manufacturer
KROGER LIMITED PARTNERSHIP II,BLUFFTON,IN,46714,WELLS,HYDROCODONE,2011,30136,0,Manufacturer
KROGER LIMITED PARTNERSHIP II,BLUFFTON,IN,46714,WELLS,HYDROCODONE,2012,28479,0,Manufacturer
LAKE ERIE MEDICAL,HOLLAND,OH,43528,LUCAS,HYDROCODONE,2012,6,0,Manufacturer
MASTERS PHARMACEUTICAL INC,CINCINNATI,OH,45240,HAMILTON,HYDROCODONE,2006,7,0,Manufacturer
MASTERS PHARMACEUTICAL INC,CINCINNATI,OH,45240,HAMILTON,HYDROCODONE,2007,75,0,Manufacturer
MASTERS PHARMACEUTICAL INC,CINCINNATI,OH,45240,HAMILTON,HYDROCODONE,2008,454,0,Manufacturer
MASTERS PHARMACEUTICAL INC,CINCINNATI,OH,45240,HAMILTON,HYDROCODONE,2009,729,0,Manufacturer
MASTERS PHARMACEUTICAL INC,CINCINNATI,OH,45240,HAMILTON,HYDROCODONE,2010,565,0,Manufacturer
MASTERS PHARMACEUTICAL INC,CINCINNATI,OH,45240,HAMILTON,HYDROCODONE,2011,1237,0,Manufacturer
MASTERS PHARMACEUTICAL INC,CINCINNATI,OH,45240,HAMILTON,HYDROCODONE,2012,338,0,Manufacturer
MASTERS PHARMACEUTICAL INC,CINCINNATI,OH,45240,HAMILTON,OXYCODONE,2008,708,0,Manufacturer
MASTERS PHARMACEUTICAL INC,CINCINNATI,OH,45240,HAMILTON,OXYCODONE,2009,3030,0,Manufacturer
MASTERS PHARMACEUTICAL INC,CINCINNATI,OH,45240,HAMILTON,OXYCODONE,2010,1740,0,Manufacturer
MASTERS PHARMACEUTICAL INC,CINCINNATI,OH,45240,HAMILTON,OXYCODONE,2011,1945,0,Manufacturer
MASTERS PHARMACEUTICAL INC,CINCINNATI,OH,45240,HAMILTON,OXYCODONE,2012,741,0,Manufacturer
MCKESSON CORPORATION,AURORA,IL,60502,DUPAGE,HYDROCODONE,2012,9,0,Manufacturer
MCKESSON CORPORATION,DULUTH,GA,30096,GWINNETT,HYDROCODONE,2011,7,0,Manufacturer
MCKESSON CORPORATION,DULUTH,GA,30096,GWINNETT,HYDROCODONE,2012,1,0,Manufacturer
MCKESSON CORPORATION,EVERETT,WA,98204,SNOHOMISH,HYDROCODONE,2012,6,0,Manufacturer
MCKESSON CORPORATION,LANDOVER,MD,20785,PRINCE GEORGES,HYDROCODONE,2006,4277,0,Manufacturer
MCKESSON CORPORATION,LANDOVER,MD,20785,PRINCE GEORGES,HYDROCODONE,2007,4744,0,Manufacturer
MCKESSON CORPORATION,LANDOVER,MD,20785,PRINCE GEORGES,HYDROCODONE,2008,5560,0,Manufacturer
MCKESSON CORPORATION,LANDOVER,MD,20785,PRINCE GEORGES,HYDROCODONE,2009,5685,0,Manufacturer
MCKESSON CORPORATION,LANDOVER,MD,20785,PRINCE GEORGES,HYDROCODONE,2010,5941,0,Manufacturer
MCKESSON CORPORATION,LANDOVER,MD,20785,PRINCE GEORGES,HYDROCODONE,2011,5524,0,Manufacturer
MCKESSON CORPORATION,LANDOVER,MD,20785,PRINCE GEORGES,HYDROCODONE,2012,583,0,Manufacturer
MCKESSON CORPORATION,LANDOVER,MD,20785,PRINCE GEORGES,OXYCODONE,2006,8041,0,Manufacturer
MCKESSON CORPORATION,LANDOVER,MD,20785,PRINCE GEORGES,OXYCODONE,2007,11199,0,Manufacturer
MCKESSON CORPORATION,LANDOVER,MD,20785,PRINCE GEORGES,OXYCODONE,2008,15081,0,Manufacturer
MCKESSON CORPORATION,LANDOVER,MD,20785,PRINCE GEORGES,OXYCODONE,2009,15692,0,Manufacturer
MCKESSON CORPORATION,LANDOVER,MD,20785,PRINCE GEORGES,OXYCODONE,2010,13622,0,Manufacturer
MCKESSON CORPORATION,LANDOVER,MD,20785,PRINCE GEORGES,OXYCODONE,2011,15662,0,Manufacturer
MCKESSON CORPORATION,LANDOVER,MD,20785,PRINCE GEORGES,OXYCODONE,2012,1158,0,Manufacturer
MCKESSON CORPORATION,LIVONIA,MI,48150,WAYNE,HYDROCODONE,2012,5,0,Manufacturer
MCKESSON CORPORATION,MEMPHIS,TN,38141,SHELBY,HYDROCODONE,2012,7,0,Manufacturer
MCKESSON CORPORATION,MEMPHIS,TN,38141,SHELBY,OXYCODONE,2010,2,0,Manufacturer
MCKESSON CORPORATION,MEMPHIS,TN,38141,SHELBY,OXYCODONE,2011,3,0,Manufacturer
MCKESSON CORPORATION,MEMPHIS,TN,38141,SHELBY,OXYCODONE,2012,2,0,Manufacturer
MCKESSON CORPORATION,NEW CASTLE,PA,16101,LAWRENCE,HYDROCODONE,2006,5823,0,Manufacturer
MCKESSON CORPORATION,NEW CASTLE,PA,16101,LAWRENCE,HYDROCODONE,2007,6204,0,Manufacturer
MCKESSON CORPORATION,NEW CASTLE,PA,16101,LAWRENCE,HYDROCODONE,2008,7614,0,Manufacturer
MCKESSON CORPORATION,NEW CASTLE,PA,16101,LAWRENCE,HYDROCODONE,2009,7969,0,Manufacturer
MCKESSON CORPORATION,NEW CASTLE,PA,16101,LAWRENCE,HYDROCODONE,2010,6529,0,Manufacturer
MCKESSON CORPORATION,NEW CASTLE,PA,16101,LAWRENCE,HYDROCODONE,2011,8169,0,Manufacturer
MCKESSON CORPORATION,NEW CASTLE,PA,16101,LAWRENCE,HYDROCODONE,2012,10354,0,Manufacturer
MCKESSON CORPORATION,NEW CASTLE,PA,16101,LAWRENCE,OXYCODONE,2006,15467,0,Manufacturer
MCKESSON CORPORATION,NEW CASTLE,PA,16101,LAWRENCE,OXYCODONE,2007,18668,0,Manufacturer
MCKESSON CORPORATION,NEW CASTLE,PA,16101,LAWRENCE,OXYCODONE,2008,20977,0,Manufacturer
MCKESSON CORPORATION,NEW CASTLE,PA,16101,LAWRENCE,OXYCODONE,2009,21901,0,Manufacturer
MCKESSON CORPORATION,NEW CASTLE,PA,16101,LAWRENCE,OXYCODONE,2010,22822,0,Manufacturer
MCKESSON CORPORATION,NEW CASTLE,PA,16101,LAWRENCE,OXYCODONE,2011,24158,0,Manufacturer
MCKESSON CORPORATION,NEW CASTLE,PA,16101,LAWRENCE,OXYCODONE,2012,27465,0,Manufacturer
MCKESSON CORPORATION,ROCKY HILL,CT,6067,HARTFORD,HYDROCODONE,2011,44,0,Manufacturer
MCKESSON CORPORATION,RUTHER GLEN,VA,22546,CAROLINE,HYDROCODONE,2012,3240,0,Manufacturer
MCKESSON CORPORATION,RUTHER GLEN,VA,22546,CAROLINE,OXYCODONE,2012,10451,0,Manufacturer
MCKESSON CORPORATION,WASHINGTON CT HOUSE,OH,43160,FAYETTE,HYDROCODONE,2006,24206,0,Manufacturer
MCKESSON CORPORATION,WASHINGTON CT HOUSE,OH,43160,FAYETTE,HYDROCODONE,2007,27981,0,Manufacturer
MCKESSON CORPORATION,WASHINGTON CT HOUSE,OH,43160,FAYETTE,HYDROCODONE,2008,19646,0,Manufacturer
MCKESSON CORPORATION,WASHINGTON CT HOUSE,OH,43160,FAYETTE,HYDROCODONE,2009,21463,0,Manufacturer
MCKESSON CORPORATION,WASHINGTON CT HOUSE,OH,43160,FAYETTE,HYDROCODONE,2010,21146,0,Manufacturer
MCKESSON CORPORATION,WASHINGTON CT HOUSE,OH,43160,FAYETTE,HYDROCODONE,2011,28401,0,Manufacturer
MCKESSON CORPORATION,WASHINGTON CT HOUSE,OH,43160,FAYETTE,HYDROCODONE,2012,32337,0,Manufacturer
MCKESSON CORPORATION,WASHINGTON CT HOUSE,OH,43160,FAYETTE,OXYCODONE,2006,28173,0,Manufacturer
MCKESSON CORPORATION,WASHINGTON CT HOUSE,OH,43160,FAYETTE,OXYCODONE,2007,37196,0,Manufacturer
MCKESSON CORPORATION,WASHINGTON CT HOUSE,OH,43160,FAYETTE,OXYCODONE,2008,41777,0,Manufacturer
MCKESSON CORPORATION,WASHINGTON CT HOUSE,OH,43160,FAYETTE,OXYCODONE,2009,40512,0,Manufacturer
MCKESSON CORPORATION,WASHINGTON CT HOUSE,OH,43160,FAYETTE,OXYCODONE,2010,42356,0,Manufacturer
MCKESSON CORPORATION,WASHINGTON CT HOUSE,OH,43160,FAYETTE,OXYCODONE,2011,51120,0,Manufacturer
MCKESSON CORPORATION,WASHINGTON CT HOUSE,OH,43160,FAYETTE,OXYCODONE,2012,58433,0,Manufacturer
MCKESSON CORPORATION,WEST SACRAMENTO,CA,95691,YOLO,HYDROCODONE,2011,5,0,Manufacturer
MCKESSON CORPORATION,WEST SACRAMENTO,CA,95691,YOLO,HYDROCODONE,2012,14,0,Manufacturer
MCKESSON CORPORATION,WILSONVILLE,OR,97070,CLACKAMAS,HYDROCODONE,2012,2,0,Manufacturer
MCKESSON PACKAGING SERVICES,CONCORD,NC,28027,CABARRUS,HYDROCODONE,2007,1,0,Manufacturer
MCKESSON SPECIALTY CARE DISTRIBUTION CORPORATION,LA VERGNE,TN,37086,RUTHERFORD,HYDROCODONE,2008,1,0,Manufacturer
MIAMI-LUKEN,SPRINGBORO,OH,45066,WARREN,HYDROCODONE,2006,5393,0,Manufacturer
MIAMI-LUKEN,SPRINGBORO,OH,45066,WARREN,HYDROCODONE,2007,7069,0,Manufacturer
MIAMI-LUKEN,SPRINGBORO,OH,45066,WARREN,HYDROCODONE,2008,10417,0,Manufacturer
MIAMI-LUKEN,SPRINGBORO,OH,45066,WARREN,HYDROCODONE,2009,11008,0,Manufacturer
MIAMI-LUKEN,SPRINGBORO,OH,45066,WARREN,HYDROCODONE,2010,7358,0,Manufacturer
MIAMI-LUKEN,SPRINGBORO,OH,45066,WARREN,HYDROCODONE,2011,8129,0,Manufacturer
MIAMI-LUKEN,SPRINGBORO,OH,45066,WARREN,HYDROCODONE,2012,6052,0,Manufacturer
MIAMI-LUKEN,SPRINGBORO,OH,45066,WARREN,OXYCODONE,2006,5994,0,Manufacturer
MIAMI-LUKEN,SPRINGBORO,OH,45066,WARREN,OXYCODONE,2007,8358,0,Manufacturer
MIAMI-LUKEN,SPRINGBORO,OH,45066,WARREN,OXYCODONE,2008,9981,0,Manufacturer
MIAMI-LUKEN,SPRINGBORO,OH,45066,WARREN,OXYCODONE,2009,9579,0,Manufacturer
MIAMI-LUKEN,SPRINGBORO,OH,45066,WARREN,OXYCODONE,2010,10688,0,Manufacturer
MIAMI-LUKEN,SPRINGBORO,OH,45066,WARREN,OXYCODONE,2011,15077,0,Manufacturer
MIAMI-LUKEN,SPRINGBORO,OH,45066,WARREN,OXYCODONE,2012,20753,0,Manufacturer
MIDWEST VETERINARY SUPPLY INC,SUN PRAIRIE,WI,53590,DANE,HYDROCODONE,2006,36,0,Manufacturer
MIDWEST VETERINARY SUPPLY INC,SUN PRAIRIE,WI,53590,DANE,HYDROCODONE,2007,30,0,Manufacturer
MIDWEST VETERINARY SUPPLY INC,SUN PRAIRIE,WI,53590,DANE,HYDROCODONE,2008,1,0,Manufacturer
MIDWEST VETERINARY SUPPLY INC,SUN PRAIRIE,WI,53590,DANE,HYDROCODONE,2009,5,0,Manufacturer
MIDWEST VETERINARY SUPPLY INC,SUN PRAIRIE,WI,53590,DANE,HYDROCODONE,2010,18,0,Manufacturer
MIDWEST VETERINARY SUPPLY INC,SUN PRAIRIE,WI,53590,DANE,HYDROCODONE,2011,31,0,Manufacturer
MIDWEST VETERINARY SUPPLY INC,SUN PRAIRIE,WI,53590,DANE,HYDROCODONE,2012,39,0,Manufacturer
MOORE MEDICAL LLC,JACKSONVILLE,FL,32219,DUVAL,HYDROCODONE,2006,3,0,Manufacturer
MOORE MEDICAL LLC,JACKSONVILLE,FL,32219,DUVAL,HYDROCODONE,2007,3,0,Manufacturer
MOORE MEDICAL LLC,JACKSONVILLE,FL,32219,DUVAL,HYDROCODONE,2009,2,0,Manufacturer
MOORE MEDICAL LLC,JACKSONVILLE,FL,32219,DUVAL,HYDROCODONE,2010,10,0,Manufacturer
MOORE MEDICAL LLC,JACKSONVILLE,FL,32219,DUVAL,HYDROCODONE,2011,16,0,Manufacturer
MOORE MEDICAL LLC,JACKSONVILLE,FL,32219,DUVAL,HYDROCODONE,2012,20,0,Manufacturer
MOORE MEDICAL LLC,NEW BRITAIN,CT,6051,HARTFORD,HYDROCODONE,2006,44,0,Manufacturer
MOORE MEDICAL LLC,NEW BRITAIN,CT,6051,HARTFORD,HYDROCODONE,2007,71,0,Manufacturer
MOORE MEDICAL LLC,NEW BRITAIN,CT,6051,HARTFORD,HYDROCODONE,2008,2,0,Manufacturer
MOORE MEDICAL LLC,NEW BRITAIN,CT,6051,HARTFORD,HYDROCODONE,2009,22,0,Manufacturer
MOORE MEDICAL LLC,NEW BRITAIN,CT,6051,HARTFORD,HYDROCODONE,2010,18,0,Manufacturer
MOORE MEDICAL LLC,NEW BRITAIN,CT,6051,HARTFORD,HYDROCODONE,2011,13,0,Manufacturer
MOORE MEDICAL LLC,NEW BRITAIN,CT,6051,HARTFORD,HYDROCODONE,2012,15,0,Manufacturer
MURFREESBORO PHARMACEUTICAL,MURFREESBORO,TN,37129,RUTHERFORD,HYDROCODONE,2012,198,0,Manufacturer
MWI VETERINARY SUPPLY,ATLANTA,GA,30336,FULTON,HYDROCODONE,2006,1,0,Manufacturer
MWI VETERINARY SUPPLY CO,EDWARDSVILLE,KS,66111,WYANDOTTE,HYDROCODONE,2010,2,0,Manufacturer
MWI VETERINARY SUPPLY CO,EDWARDSVILLE,KS,66111,WYANDOTTE,HYDROCODONE,2011,6,0,Manufacturer
MWI VETERINARY SUPPLY CO,EDWARDSVILLE,KS,66111,WYANDOTTE,HYDROCODONE,2012,8,0,Manufacturer
MWI VETERINARY SUPPLY CO,ELIZABETHTOWN,PA,17022,LANCASTER,HYDROCODONE,2006,1,0,Manufacturer
MWI VETERINARY SUPPLY CO,ELIZABETHTOWN,PA,17022,LANCASTER,HYDROCODONE,2007,17,0,Manufacturer
MWI VETERINARY SUPPLY CO,ELIZABETHTOWN,PA,17022,LANCASTER,HYDROCODONE,2009,11,0,Manufacturer
MWI VETERINARY SUPPLY CO,ELIZABETHTOWN,PA,17022,LANCASTER,HYDROCODONE,2010,19,0,Manufacturer
MWI VETERINARY SUPPLY CO,ELIZABETHTOWN,PA,17022,LANCASTER,HYDROCODONE,2011,17,0,Manufacturer
MWI VETERINARY SUPPLY CO,ELIZABETHTOWN,PA,17022,LANCASTER,HYDROCODONE,2012,25,0,Manufacturer
MWI VETERINARY SUPPLY CO,WHITESTOWN,IN,46075,BOONE,HYDROCODONE,2009,3,0,Manufacturer
MWI VETERINARY SUPPLY CO,WHITESTOWN,IN,46075,BOONE,HYDROCODONE,2010,8,0,Manufacturer
MWI VETERINARY SUPPLY CO,WHITESTOWN,IN,46075,BOONE,HYDROCODONE,2011,19,0,Manufacturer
MWI VETERINARY SUPPLY CO,WHITESTOWN,IN,46075,BOONE,HYDROCODONE,2012,22,0,Manufacturer
NATIONAL LOGISTICS SERVICES,OKLAHOMA CITY,OK,73127,OKLAHOMA,HYDROCODONE,2008,1,0,Manufacturer
NATIONAL LOGISTICS SERVICES,PITTSBURGH,PA,15239,ALLEGHENY,HYDROCODONE,2006,27,0,Manufacturer
NATIONAL LOGISTICS SERVICES,PITTSBURGH,PA,15239,ALLEGHENY,HYDROCODONE,2007,2,0,Manufacturer
NATIONAL LOGISTICS SERVICES,PITTSBURGH,PA,15239,ALLEGHENY,HYDROCODONE,2008,10,0,Manufacturer
NATIONAL LOGISTICS SERVICES,PITTSBURGH,PA,15239,ALLEGHENY,HYDROCODONE,2009,19,0,Manufacturer
NATIONAL LOGISTICS SERVICES,PITTSBURGH,PA,15239,ALLEGHENY,HYDROCODONE,2010,1,0,Manufacturer
OMNICARE DISTRIBUTION CENTER LLC,TOLEDO,OH,43615,LUCAS,HYDROCODONE,2006,854,0,Manufacturer
OMNICARE DISTRIBUTION CENTER LLC,TOLEDO,OH,43615,LUCAS,HYDROCODONE,2007,1300,0,Manufacturer
OMNICARE DISTRIBUTION CENTER LLC,TOLEDO,OH,43615,LUCAS,HYDROCODONE,2008,1779,0,Manufacturer
OMNICARE DISTRIBUTION CENTER LLC,TOLEDO,OH,43615,LUCAS,HYDROCODONE,2009,1985,0,Manufacturer
OMNICARE DISTRIBUTION CENTER LLC,TOLEDO,OH,43615,LUCAS,HYDROCODONE,2010,2197,0,Manufacturer
OMNICARE DISTRIBUTION CENTER LLC,TOLEDO,OH,43615,LUCAS,HYDROCODONE,2011,2518,0,Manufacturer
OMNICARE DISTRIBUTION CENTER LLC,TOLEDO,OH,43615,LUCAS,HYDROCODONE,2012,2363,0,Manufacturer
OMNICARE DISTRIBUTION CENTER LLC,TOLEDO,OH,43615,LUCAS,OXYCODONE,2006,64,0,Manufacturer
OMNICARE DISTRIBUTION CENTER LLC,TOLEDO,OH,43615,LUCAS,OXYCODONE,2007,526,0,Manufacturer
OMNICARE DISTRIBUTION CENTER LLC,TOLEDO,OH,43615,LUCAS,OXYCODONE,2008,1060,0,Manufacturer
OMNICARE DISTRIBUTION CENTER LLC,TOLEDO,OH,43615,LUCAS,OXYCODONE,2009,997,0,Manufacturer
OMNICARE DISTRIBUTION CENTER LLC,TOLEDO,OH,43615,LUCAS,OXYCODONE,2010,1528,0,Manufacturer
OMNICARE DISTRIBUTION CENTER LLC,TOLEDO,OH,43615,LUCAS,OXYCODONE,2011,2070,0,Manufacturer
OMNICARE DISTRIBUTION CENTER LLC,TOLEDO,OH,43615,LUCAS,OXYCODONE,2012,2465,0,Manufacturer
PATTERSON LOGISTICS SERVICES,MOUNT JOY,PA,17552,LANCASTER,HYDROCODONE,2010,70,0,Manufacturer
PATTERSON LOGISTICS SERVICES,MOUNT JOY,PA,17552,LANCASTER,HYDROCODONE,2011,119,0,Manufacturer
PATTERSON LOGISTICS SERVICES,MOUNT JOY,PA,17552,LANCASTER,HYDROCODONE,2012,98,0,Manufacturer
PATTERSON LOGISTICS SERVICES INC,BLYTHEWOOD,SC,29016,RICHLAND,HYDROCODONE,2010,12,0,Manufacturer
PATTERSON LOGISTICS SERVICES INC,BLYTHEWOOD,SC,29016,RICHLAND,HYDROCODONE,2011,40,0,Manufacturer
PATTERSON LOGISTICS SERVICES INC,BLYTHEWOOD,SC,29016,RICHLAND,HYDROCODONE,2012,11,0,Manufacturer
PATTERSON LOGISTICS SERVICES INC,KENT,WA,98032,KING,HYDROCODONE,2011,3,0,Manufacturer
PATTERSON LOGISTICS SERVICES INC,KENT,WA,98032,KING,HYDROCODONE,2012,1,0,Manufacturer
PATTERSON LOGISTICS SERVICES INC.,BOONE,IA,50036,BOONE,HYDROCODONE,2011,2,0,Manufacturer
PATTERSON LOGISTICS SERVICES INC.,SOUTH BEND,IN,46628,ST JOSEPH,HYDROCODONE,2011,3,0,Manufacturer
PATTERSON LOGISTICS SERVICES INC.,SOUTH BEND,IN,46628,ST JOSEPH,HYDROCODONE,2012,2,0,Manufacturer
PATTERSON VETERINARY SUPPLY INC,COLUMBUS,OH,43207,FRANKLIN,HYDROCODONE,2010,53,0,Manufacturer
PATTERSON VETERINARY SUPPLY INC,COLUMBUS,OH,43207,FRANKLIN,HYDROCODONE,2011,28,0,Manufacturer
PATTERSON VETERINARY SUPPLY INC.,DEVENS,MA,1434,MIDDLESEX,HYDROCODONE,2006,25,0,Manufacturer
PATTERSON VETERINARY SUPPLY INC.,DEVENS,MA,1434,MIDDLESEX,HYDROCODONE,2007,23,0,Manufacturer
PATTERSON VETERINARY SUPPLY INC.,DEVENS,MA,1434,MIDDLESEX,HYDROCODONE,2008,3,0,Manufacturer
PD-RX PHARMACEUTICALS INC,OKLAHOMA CITY,OK,73127,OKLAHOMA,HYDROCODONE,2010,1150,0,Manufacturer
PD-RX PHARMACEUTICALS INC,OKLAHOMA CITY,OK,73127,OKLAHOMA,HYDROCODONE,2011,2060,0,Manufacturer
PD-RX PHARMACEUTICALS INC,OKLAHOMA CITY,OK,73127,OKLAHOMA,HYDROCODONE,2012,320,0,Manufacturer
PENN VETERINARY SUPPLY,LANCASTER,PA,17601,LANCASTER,HYDROCODONE,2006,8,0,Manufacturer
PENN VETERINARY SUPPLY,LANCASTER,PA,17601,LANCASTER,HYDROCODONE,2007,14,0,Manufacturer
PENN VETERINARY SUPPLY,LANCASTER,PA,17601,LANCASTER,HYDROCODONE,2011,2,0,Manufacturer
PENN VETERINARY SUPPLY,LANCASTER,PA,17601,LANCASTER,HYDROCODONE,2012,1,0,Manufacturer
PHOENIX PHARMACEUTICAL,SAINT JOSEPH,MO,64507,BUCHANAN,HYDROCODONE,2009,1,0,Manufacturer
PHYSICIANS PHARMACEUTICAL CORP,KNOXVILLE,TN,37932,KNOX,OXYCODONE,2009,4,0,Manufacturer
PRESCRIPTION CONTAINERS INC,SECAUCUS,NJ,7094,HUDSON,HYDROCODONE,2006,10,0,Manufacturer
PRESCRIPTION CONTAINERS INC,SECAUCUS,NJ,7094,HUDSON,HYDROCODONE,2012,1,0,Manufacturer
PRESCRIPTION SUPPLY INC,NORTHWOOD,OH,43619,WOOD,HYDROCODONE,2009,6,0,Manufacturer
PRESCRIPTION SUPPLY INC,NORTHWOOD,OH,43619,WOOD,HYDROCODONE,2012,53,0,Manufacturer
PRIORITY HEALTHCARE DISTRIBUTION,GROVE CITY,OH,43123,FRANKLIN,HYDROCODONE,2006,3,0,Manufacturer
PRIORITY HEALTHCARE DISTRIBUTION,GROVE CITY,OH,43123,FRANKLIN,HYDROCODONE,2007,4,0,Manufacturer
PRIORITY HEALTHCARE DISTRIBUTION,GROVE CITY,OH,43123,FRANKLIN,HYDROCODONE,2008,6,0,Manufacturer
PRIORITY HEALTHCARE DISTRIBUTION,GROVE CITY,OH,43123,FRANKLIN,HYDROCODONE,2009,7,0,Manufacturer
PRIORITY HEALTHCARE DISTRIBUTION,GROVE CITY,OH,43123,FRANKLIN,HYDROCODONE,2010,7,0,Manufacturer
PRIORITY HEALTHCARE DISTRIBUTION,GROVE CITY,OH,43123,FRANKLIN,HYDROCODONE,2011,7,0,Manufacturer
PRIORITY HEALTHCARE DISTRIBUTION,GROVE CITY,OH,43123,FRANKLIN,HYDROCODONE,2012,3,0,Manufacturer
PRIORITY HEALTHCARE DISTRIBUTION,GROVE CITY,OH,43123,FRANKLIN,OXYCODONE,2009,2,0,Manufacturer
PRIORITY HEALTHCARE DISTRIBUTION,GROVE CITY,OH,43123,FRANKLIN,OXYCODONE,2010,1,0,Manufacturer
PRIORITY HEALTHCARE DISTRIBUTION,GROVE CITY,OH,43123,FRANKLIN,OXYCODONE,2011,1,0,Manufacturer
PRIORITY HEALTHCARE DISTRIBUTION,GROVE CITY,OH,43123,FRANKLIN,OXYCODONE,2012,5,0,Manufacturer
PROFESSIONAL VET PRODUCTS,OMAHA,NE,68138,SARPY,HYDROCODONE,2006,23,0,Manufacturer
PROFESSIONAL VETERINARY,YORK,PA,17406,YORK,HYDROCODONE,2006,3,0,Manufacturer
PROFESSIONAL VETERINARY,YORK,PA,17406,YORK,HYDROCODONE,2007,14,0,Manufacturer
PROFESSIONAL VETERINARY,YORK,PA,17406,YORK,HYDROCODONE,2008,5,0,Manufacturer
PROFESSIONAL VETERINARY,YORK,PA,17406,YORK,HYDROCODONE,2009,3,0,Manufacturer
PROFESSIONAL VETERINARY,YORK,PA,17406,YORK,HYDROCODONE,2010,5,0,Manufacturer
PSS WORLD MEDICAL INC,WEST COLUMBIA,SC,29169,LEXINGTON,HYDROCODONE,2007,2,0,Manufacturer
PSS WORLD MEDICAL INC,WEST COLUMBIA,SC,29169,LEXINGTON,HYDROCODONE,2008,1,0,Manufacturer
PSS WORLD MEDICAL INC,WEST COLUMBIA,SC,29169,LEXINGTON,HYDROCODONE,2009,1,0,Manufacturer
PSS WORLD MEDICAL INC,WEST COLUMBIA,SC,29169,LEXINGTON,HYDROCODONE,2011,1,0,Manufacturer
PSS WORLD MEDICAL INC,WEST COLUMBIA,SC,29169,LEXINGTON,HYDROCODONE,2012,2,0,Manufacturer
QUALITEST PHARMACEUTICALS,HUNTSVILLE,AL,35811,MADISON,HYDROCODONE,2006,625,0,Manufacturer
QUALITEST PHARMACEUTICALS,HUNTSVILLE,AL,35811,MADISON,HYDROCODONE,2007,240,0,Manufacturer
QUALITEST PHARMACEUTICALS,HUNTSVILLE,AL,35811,MADISON,OXYCODONE,2006,6,0,Manufacturer
QUEST PHARMACEUTICALS INC,MURRAY,KY,42071,CALLOWAY,HYDROCODONE,2006,735,0,Manufacturer
QUEST PHARMACEUTICALS INC,MURRAY,KY,42071,CALLOWAY,HYDROCODONE,2007,148,0,Manufacturer
QUEST PHARMACEUTICALS INC,MURRAY,KY,42071,CALLOWAY,HYDROCODONE,2008,1139,0,Manufacturer
QUEST PHARMACEUTICALS INC,MURRAY,KY,42071,CALLOWAY,HYDROCODONE,2009,172,0,Manufacturer
QUEST PHARMACEUTICALS INC,MURRAY,KY,42071,CALLOWAY,HYDROCODONE,2010,155,0,Manufacturer
QUEST PHARMACEUTICALS INC,MURRAY,KY,42071,CALLOWAY,HYDROCODONE,2011,169,0,Manufacturer
QUEST PHARMACEUTICALS INC,MURRAY,KY,42071,CALLOWAY,HYDROCODONE,2012,44,0,Manufacturer
QUEST PHARMACEUTICALS INC,MURRAY,KY,42071,CALLOWAY,OXYCODONE,2006,158,0,Manufacturer
QUEST PHARMACEUTICALS INC,MURRAY,KY,42071,CALLOWAY,OXYCODONE,2007,9,0,Manufacturer
QUEST PHARMACEUTICALS INC,MURRAY,KY,42071,CALLOWAY,OXYCODONE,2010,576,0,Manufacturer
QUEST PHARMACEUTICALS INC,MURRAY,KY,42071,CALLOWAY,OXYCODONE,2011,134,0,Manufacturer
RDC,NEW CASTLE,PA,16105,LAWRENCE,HYDROCODONE,2006,11,0,Manufacturer
RICHIE PHARMACAL CO INC,GLASGOW,KY,42141,BARREN,HYDROCODONE,2006,76,0,Manufacturer
RICHIE PHARMACAL CO INC,GLASGOW,KY,42141,BARREN,HYDROCODONE,2007,22,0,Manufacturer
RICHIE PHARMACAL LLC,GLASGOW,KY,42141,BARREN,HYDROCODONE,2007,14,0,Manufacturer
RICHIE PHARMACAL LLC,GLASGOW,KY,42141,BARREN,HYDROCODONE,2008,609,0,Manufacturer
RICHIE PHARMACAL LLC,GLASGOW,KY,42141,BARREN,HYDROCODONE,2009,73,0,Manufacturer
RICHIE PHARMACAL LLC,GLASGOW,KY,42141,BARREN,HYDROCODONE,2010,94,0,Manufacturer
RICHIE PHARMACAL LLC,GLASGOW,KY,42141,BARREN,HYDROCODONE,2011,206,0,Manufacturer
RICHIE PHARMACAL LLC,GLASGOW,KY,42141,BARREN,HYDROCODONE,2012,121,0,Manufacturer
RITE AID MID-ATLANTIC,ABERDEEN,MD,21001,HARFORD,HYDROCODONE,2006,85559,0,Manufacturer
RITE AID MID-ATLANTIC,ABERDEEN,MD,21001,HARFORD,HYDROCODONE,2007,102386,0,Manufacturer
RITE AID MID-ATLANTIC,ABERDEEN,MD,21001,HARFORD,HYDROCODONE,2008,109452,0,Manufacturer
RITE AID MID-ATLANTIC,ABERDEEN,MD,21001,HARFORD,HYDROCODONE,2009,110077,0,Manufacturer
RITE AID MID-ATLANTIC,ABERDEEN,MD,21001,HARFORD,HYDROCODONE,2010,109708,0,Manufacturer
RITE AID MID-ATLANTIC,ABERDEEN,MD,21001,HARFORD,HYDROCODONE,2011,101003,0,Manufacturer
RITE AID MID-ATLANTIC,ABERDEEN,MD,21001,HARFORD,HYDROCODONE,2012,99243,0,Manufacturer
ROCHESTER DRUG CO-OPERATIVE INC,ROCHESTER,NY,14624,MONROE,HYDROCODONE,2006,2,0,Manufacturer
ROCHESTER DRUG CO-OPERATIVE INC,ROCHESTER,NY,14624,MONROE,HYDROCODONE,2007,7,0,Manufacturer
ROCHESTER DRUG CO-OPERATIVE INC,ROCHESTER,NY,14624,MONROE,OXYCODONE,2007,24,0,Manufacturer
SAJ DISTRIBUTORS,PINE BLUFF,AR,71603,JEFFERSON,HYDROCODONE,2006,341,0,Manufacturer
SAJ DISTRIBUTORS,PINE BLUFF,AR,71603,JEFFERSON,HYDROCODONE,2007,451,0,Manufacturer
SAJ DISTRIBUTORS,PINE BLUFF,AR,71603,JEFFERSON,HYDROCODONE,2008,390,0,Manufacturer
SAJ DISTRIBUTORS,PINE BLUFF,AR,71603,JEFFERSON,HYDROCODONE,2009,391,0,Manufacturer
SAJ DISTRIBUTORS,PINE BLUFF,AR,71603,JEFFERSON,HYDROCODONE,2010,344,0,Manufacturer
SAJ DISTRIBUTORS,PINE BLUFF,AR,71603,JEFFERSON,HYDROCODONE,2011,413,0,Manufacturer
SAJ DISTRIBUTORS,PINE BLUFF,AR,71603,JEFFERSON,HYDROCODONE,2012,323,0,Manufacturer
SEACOAST MEDICAL LLC,OMAHA,NE,68138,SARPY,HYDROCODONE,2006,3,0,Manufacturer
SEACOAST MEDICAL LLC,OMAHA,NE,68138,SARPY,HYDROCODONE,2007,2,0,Manufacturer
SEACOAST MEDICAL LLC,OMAHA,NE,68138,SARPY,HYDROCODONE,2009,2,0,Manufacturer
SEACOAST MEDICAL LLC,OMAHA,NE,68138,SARPY,HYDROCODONE,2010,1,0,Manufacturer
SMITH DRUG COMPANY,PARAGOULD,AR,72450,GREENE,HYDROCODONE,2006,1,0,Manufacturer
SMITH DRUG COMPANY,PARAGOULD,AR,72450,GREENE,HYDROCODONE,2007,1,0,Manufacturer
SMITH DRUG COMPANY,SPARTANBURG,SC,29301,SPARTANBURG,HYDROCODONE,2006,6,0,Manufacturer
SMITH DRUG COMPANY,SPARTANBURG,SC,29301,SPARTANBURG,HYDROCODONE,2007,2,0,Manufacturer
SMITH DRUG COMPANY,SPARTANBURG,SC,29301,SPARTANBURG,HYDROCODONE,2011,17,0,Manufacturer
SMITH DRUG COMPANY,SPARTANBURG,SC,29301,SPARTANBURG,HYDROCODONE,2012,1361,0,Manufacturer
SMITH DRUG COMPANY,SPARTANBURG,SC,29301,SPARTANBURG,OXYCODONE,2011,83,0,Manufacturer
SMITH DRUG COMPANY,SPARTANBURG,SC,29301,SPARTANBURG,OXYCODONE,2012,2592,0,Manufacturer
STAT RX USA LLC,GAINESVILLE,GA,30501,HALL,HYDROCODONE,2011,40,0,Manufacturer
THE HARVARD DRUG GROUP,INDIANAPOLIS,IN,46268,MARION,HYDROCODONE,2011,493,0,Manufacturer
THE HARVARD DRUG GROUP,INDIANAPOLIS,IN,46268,MARION,HYDROCODONE,2012,220,0,Manufacturer
THE HARVARD DRUG GROUP,INDIANAPOLIS,IN,46268,MARION,OXYCODONE,2011,1,0,Manufacturer
THE HARVARD DRUG GROUP-MI,LIVONIA,MI,48150,WAYNE,HYDROCODONE,2006,1482,0,Manufacturer
THE HARVARD DRUG GROUP-MI,LIVONIA,MI,48150,WAYNE,HYDROCODONE,2007,1445,0,Manufacturer
THE HARVARD DRUG GROUP-MI,LIVONIA,MI,48150,WAYNE,HYDROCODONE,2008,2989,0,Manufacturer
THE HARVARD DRUG GROUP-MI,LIVONIA,MI,48150,WAYNE,HYDROCODONE,2009,3435,0,Manufacturer
THE HARVARD DRUG GROUP-MI,LIVONIA,MI,48150,WAYNE,HYDROCODONE,2010,1122,0,Manufacturer
THE HARVARD DRUG GROUP-MI,LIVONIA,MI,48150,WAYNE,HYDROCODONE,2011,163,0,Manufacturer
THE HARVARD DRUG GROUP-MI,LIVONIA,MI,48150,WAYNE,HYDROCODONE,2012,247,0,Manufacturer
THE HARVARD DRUG GROUP-MI,LIVONIA,MI,48150,WAYNE,OXYCODONE,2008,33,0,Manufacturer
THE HARVARD DRUG GROUP-MI,LIVONIA,MI,48150,WAYNE,OXYCODONE,2009,169,0,Manufacturer
THE HARVARD DRUG GROUP-MI,LIVONIA,MI,48150,WAYNE,OXYCODONE,2010,18,0,Manufacturer
THE RX EXCHANGE INC.,ATLANTA,GA,30339,FULTON,HYDROCODONE,2010,1,0,Manufacturer
TOP RX INC.,BARTLETT,TN,38133,SHELBY,HYDROCODONE,2006,924,0,Manufacturer
TOP RX INC.,BARTLETT,TN,38133,SHELBY,HYDROCODONE,2007,792,0,Manufacturer
TOP RX INC.,BARTLETT,TN,38133,SHELBY,HYDROCODONE,2008,697,0,Manufacturer
TOP RX INC.,BARTLETT,TN,38133,SHELBY,HYDROCODONE,2009,1035,0,Manufacturer
TOP RX INC.,BARTLETT,TN,38133,SHELBY,HYDROCODONE,2010,446,0,Manufacturer
TOP RX INC.,BARTLETT,TN,38133,SHELBY,HYDROCODONE,2011,524,0,Manufacturer
TOP RX INC.,BARTLETT,TN,38133,SHELBY,HYDROCODONE,2012,270,0,Manufacturer
TOP RX INC.,BARTLETT,TN,38133,SHELBY,OXYCODONE,2010,14,0,Manufacturer
TOP RX INC.,BARTLETT,TN,38133,SHELBY,OXYCODONE,2011,39,0,Manufacturer
TOP RX INC.,BARTLETT,TN,38133,SHELBY,OXYCODONE,2012,107,0,Manufacturer
VALUE DRUG CO,ALTOONA,PA,16601,BLAIR,HYDROCODONE,2006,232,0,Manufacturer
VALUE DRUG CO,ALTOONA,PA,16601,BLAIR,HYDROCODONE,2007,439,0,Manufacturer
VALUE DRUG CO,ALTOONA,PA,16601,BLAIR,HYDROCODONE,2008,792,0,Manufacturer
VALUE DRUG CO,ALTOONA,PA,16601,BLAIR,HYDROCODONE,2009,913,0,Manufacturer
VALUE DRUG CO,ALTOONA,PA,16601,BLAIR,HYDROCODONE,2010,1211,0,Manufacturer
VALUE DRUG CO,ALTOONA,PA,16601,BLAIR,HYDROCODONE,2011,1483,0,Manufacturer
VALUE DRUG CO,ALTOONA,PA,16601,BLAIR,HYDROCODONE,2012,1280,0,Manufacturer
VALUE DRUG CO,ALTOONA,PA,16601,BLAIR,OXYCODONE,2006,346,0,Manufacturer
VALUE DRUG CO,ALTOONA,PA,16601,BLAIR,OXYCODONE,2007,836,0,Manufacturer
VALUE DRUG CO,ALTOONA,PA,16601,BLAIR,OXYCODONE,2008,1215,0,Manufacturer
VALUE DRUG CO,ALTOONA,PA,16601,BLAIR,OXYCODONE,2009,1784,0,Manufacturer
VALUE DRUG CO,ALTOONA,PA,16601,BLAIR,OXYCODONE,2010,2068,0,Manufacturer
VALUE DRUG CO,ALTOONA,PA,16601,BLAIR,OXYCODONE,2011,1956,0,Manufacturer
VALUE DRUG CO,ALTOONA,PA,16601,BLAIR,OXYCODONE,2012,2582,0,Manufacturer
VICTOR INSTRUMENTS INC,IRVINE,CA,92618,ORANGE,HYDROCODONE,2006,19,0,Manufacturer
VICTOR INSTRUMENTS INC,IRVINE,CA,92618,ORANGE,HYDROCODONE,2007,14,0,Manufacturer
VITA RX CORP,COLUMBUS,GA,31909,MUSCOGEE,HYDROCODONE,2010,3,0,Manufacturer
VITA RX CORP,COLUMBUS,GA,31909,MUSCOGEE,HYDROCODONE,2012,2,0,Manufacturer
WAL-MART PHARMACY WAREHOUSE,CRAWFORDSVILLE,IN,47933,MONTGOMERY,HYDROCODONE,2006,5639,0,Manufacturer
WAL-MART PHARMACY WAREHOUSE,CRAWFORDSVILLE,IN,47933,MONTGOMERY,HYDROCODONE,2007,2464,0,Manufacturer
WAL-MART PHARMACY WAREHOUSE,CRAWFORDSVILLE,IN,47933,MONTGOMERY,HYDROCODONE,2009,378,0,Manufacturer
WAL-MART PHARMACY WHSE #45,ROGERS,AR,72756,BENTON,OXYCODONE,2006,16128,0,Manufacturer
WAL-MART PHARMACY WHSE #45,ROGERS,AR,72756,BENTON,OXYCODONE,2007,19825,0,Manufacturer
WAL-MART PHARMACY WHSE #45,ROGERS,AR,72756,BENTON,OXYCODONE,2008,22619,0,Manufacturer
WAL-MART PHARMACY WHSE #45,ROGERS,AR,72756,BENTON,OXYCODONE,2009,21606,0,Manufacturer
WAL-MART PHARMACY WHSE #45,ROGERS,AR,72756,BENTON,OXYCODONE,2010,20814,0,Manufacturer
WAL-MART PHARMACY WHSE #45,ROGERS,AR,72756,BENTON,OXYCODONE,2011,19736,0,Manufacturer
WAL-MART PHARMACY WHSE #45,ROGERS,AR,72756,BENTON,OXYCODONE,2012,20362,0,Manufacturer
WAL-MART PHCY WAREHOUSE #46,WILLIAMSPORT,MD,21795,WASHINGTON,HYDROCODONE,2006,36420,0,Manufacturer
WAL-MART PHCY WAREHOUSE #46,WILLIAMSPORT,MD,21795,WASHINGTON,HYDROCODONE,2007,45857,0,Manufacturer
WAL-MART PHCY WAREHOUSE #46,WILLIAMSPORT,MD,21795,WASHINGTON,HYDROCODONE,2008,55261,0,Manufacturer
WAL-MART PHCY WAREHOUSE #46,WILLIAMSPORT,MD,21795,WASHINGTON,HYDROCODONE,2009,56151,0,Manufacturer
WAL-MART PHCY WAREHOUSE #46,WILLIAMSPORT,MD,21795,WASHINGTON,HYDROCODONE,2010,59945,0,Manufacturer
WAL-MART PHCY WAREHOUSE #46,WILLIAMSPORT,MD,21795,WASHINGTON,HYDROCODONE,2011,59313,0,Manufacturer
WAL-MART PHCY WAREHOUSE #46,WILLIAMSPORT,MD,21795,WASHINGTON,HYDROCODONE,2012,49357,0,Manufacturer
WALGREEN CO,JUPITER,FL,33478,PALM BEACH,OXYCODONE,2006,205,0,Manufacturer
WALGREEN CO,JUPITER,FL,33478,PALM BEACH,OXYCODONE,2007,172,0,Manufacturer
WALGREEN CO,JUPITER,FL,33478,PALM BEACH,OXYCODONE,2008,961,0,Manufacturer
WALGREEN CO,JUPITER,FL,33478,PALM BEACH,OXYCODONE,2009,1909,0,Manufacturer
WALGREEN CO,PERRYSBURG,OH,43551,WOOD,HYDROCODONE,2006,280,0,Manufacturer
WALGREEN CO,PERRYSBURG,OH,43551,WOOD,HYDROCODONE,2007,889,0,Manufacturer
WALGREEN CO,PERRYSBURG,OH,43551,WOOD,HYDROCODONE,2008,1954,0,Manufacturer
WALGREEN CO,PERRYSBURG,OH,43551,WOOD,HYDROCODONE,2009,635,0,Manufacturer
WALGREEN CO,PERRYSBURG,OH,43551,WOOD,HYDROCODONE,2012,34,0,Manufacturer
WALGREEN CO,PERRYSBURG,OH,43551,WOOD,OXYCODONE,2007,571,0,Manufacturer
WALGREEN CO,PERRYSBURG,OH,43551,WOOD,OXYCODONE,2008,1559,0,Manufacturer
WALGREEN CO,PERRYSBURG,OH,43551,WOOD,OXYCODONE,2009,4500,0,Manufacturer
WALGREEN CO,PERRYSBURG,OH,43551,WOOD,OXYCODONE,2010,11339,0,Manufacturer
WALGREEN CO,PERRYSBURG,OH,43551,WOOD,OXYCODONE,2011,18984,0,Manufacturer
WALGREEN CO,PERRYSBURG,OH,43551,WOOD,OXYCODONE,2012,19776,0,Manufacturer
WALGREEN EASTERN CO INC,BETHLEHEM,PA,18017,NORTHAMPTON,HYDROCODONE,2007,80,0,Manufacturer
WALGREEN EASTERN CO INC,BETHLEHEM,PA,18017,NORTHAMPTON,HYDROCODONE,2008,606,0,Manufacturer
WALGREEN EASTERN CO INC,BETHLEHEM,PA,18017,NORTHAMPTON,HYDROCODONE,2009,4671,0,Manufacturer
WALGREEN EASTERN CO INC,BETHLEHEM,PA,18017,NORTHAMPTON,HYDROCODONE,2010,7626,0,Manufacturer
WALGREEN EASTERN CO INC,BETHLEHEM,PA,18017,NORTHAMPTON,HYDROCODONE,2011,10025,0,Manufacturer
WALGREEN EASTERN CO INC,BETHLEHEM,PA,18017,NORTHAMPTON,HYDROCODONE,2012,9625,0,Manufacturer
